Generation,Block,Dish,Lineage,Sex,Q1,Q2,Q3,Q4,Q5,Q6,Q7,Q8
1,1,5,D1,F,1,0,1,1,7,2,1,1
1,1,21,D1,F,2,2,1,1,2,1,3,2
1,1,37,D1,F,6,2,4,2,1,1,0,0
1,1,7,D2,F,3,5,1,3,2,1,0,0
1,1,23,D2,F,8,0,3,1,0,2,2,0
1,1,39,D2,F,4,5,1,3,3,0,0,0
1,1,2,D3,F,0,0,1,7,1,5,0,2
1,1,18,D3,F,3,5,4,1,1,0,0,2
1,1,34,D3,F,0,2,2,2,7,2,0,1
1,1,13,D4,F,2,2,3,3,1,4,0,1
1,1,29,D4,F,8,0,3,0,1,0,2,2
1,1,45,D4,F,1,4,0,1,7,0,0,2
1,1,14,U1,F,0,0,2,2,2,4,5,1
1,1,30,U1,F,0,6,2,1,1,2,3,0
1,1,46,U1,F,0,3,2,5,1,0,3,1
1,1,1,U2,F,1,0,1,2,3,2,6,1
1,1,17,U2,F,1,1,2,4,1,2,0,4
1,1,33,U2,F,3,3,0,1,2,2,3,0
1,1,8,U3,F,1,2,4,4,3,1,1,0
1,1,24,U3,F,2,3,2,5,1,1,1,0
1,1,40,U3,F,2,2,3,1,2,2,0,4
1,1,9,U4,F,0,1,4,2,2,5,2,0
1,1,25,U4,F,4,2,2,2,0,0,5,1
1,1,41,U4,F,1,2,0,9,1,1,1,1
1,1,3,D1,M,1,0,3,1,4,3,3,1
1,1,19,D1,M,5,0,1,0,0,1,6,2
1,1,35,D1,M,3,3,2,0,0,6,0,1
1,1,16,D2,M,2,1,2,1,3,1,3,1
1,1,32,D2,M,2,1,3,1,2,0,1,6
1,1,48,D2,M,3,4,3,2,3,0,0,1
1,1,11,D3,M,8,2,1,0,0,2,1,2
1,1,27,D3,M,4,1,0,0,2,5,0,2
1,1,43,D3,M,1,3,1,1,1,1,3,5
1,1,4,D4,M,1,8,3,0,0,2,1,1
1,1,20,D4,M,0,2,2,1,9,0,1,0
1,1,36,D4,M,1,1,5,1,0,2,0,5
1,1,6,U1,M,3,3,0,1,0,1,4,4
1,1,22,U1,M,3,6,0,0,5,0,0,1
1,1,38,U1,M,4,0,2,5,2,2,1,0
1,1,15,U2,M,2,0,5,1,1,0,1,6
1,1,31,U2,M,1,0,2,1,3,7,0,1
1,1,47,U2,M,1,6,2,1,3,1,1,1
1,1,10,U3,M,0,1,2,1,0,9,0,3
1,1,26,U3,M,4,0,2,1,6,1,2,0
1,1,42,U3,M,0,0,0,1,0,4,3,8
1,1,12,U4,M,1,5,1,0,5,0,1,3
1,1,28,U4,M,3,7,0,1,1,1,3,0
1,1,44,U4,M,3,3,2,0,1,3,2,0
1,2,9,D1,F,1,0,5,1,4,2,0,0
1,2,25,D1,F,4,0,2,1,2,1,4,0
1,2,41,D1,F,0,3,2,1,1,8,0,0
1,2,12,D2,F,1,2,2,2,5,0,1,3
1,2,28,D2,F,5,0,1,4,2,0,0,3
1,2,44,D2,F,3,1,0,1,3,3,4,0
1,2,2,D3,F,0,0,0,3,1,5,4,1
1,2,18,D3,F,0,1,0,1,5,5,0,4
1,2,34,D3,F,0,1,1,5,1,1,3,2
1,2,15,D4,F,2,4,1,0,3,1,4,1
1,2,31,D4,F,2,0,1,1,1,7,2,2
1,2,47,D4,F,1,0,1,0,9,2,1,1
1,2,3,U1,F,1,0,11,1,1,0,0,2
1,2,19,U1,F,2,0,0,3,1,4,5,1
1,2,35,U1,F,11,1,0,1,2,0,0,1
1,2,14,U2,F,3,2,0,8,0,2,0,0
1,2,30,U2,F,1,1,4,0,3,0,2,5
1,2,46,U2,F,0,4,0,4,1,1,2,4
1,2,10,U3,F,0,3,1,0,3,2,1,6
1,2,26,U3,F,2,0,0,1,1,5,5,2
1,2,42,U3,F,2,2,3,0,1,4,2,2
1,2,1,U4,F,2,3,1,0,7,1,2,0
1,2,17,U4,F,2,1,6,3,1,0,0,2
1,2,33,U4,F,0,6,4,0,1,0,2,2
1,2,8,D1,M,2,1,3,3,0,0,7,0
1,2,24,D1,M,3,2,1,4,0,5,1,0
1,2,40,D1,M,7,2,0,4,0,0,0,3
1,2,11,D2,M,4,2,5,0,0,3,2,0
1,2,27,D2,M,2,1,1,2,4,0,5,1
1,2,43,D2,M,6,0,0,2,0,0,2,5
1,2,13,D3,M,4,0,4,0,3,2,0,3
1,2,29,D3,M,2,0,2,0,1,11,0,0
1,2,45,D3,M,1,4,0,0,1,6,1,3
1,2,4,D4,M,0,1,0,3,7,0,3,1
1,2,20,D4,M,0,4,3,5,0,0,4,0
1,2,36,D4,M,0,0,1,0,6,0,1,7
1,2,16,U1,M,4,3,1,6,0,0,0,2
1,2,32,U1,M,4,1,1,0,2,4,1,2
1,2,48,U1,M,1,1,6,1,0,0,1,5
1,2,7,U2,M,3,3,3,0,2,0,3,0
1,2,23,U2,M,1,0,2,7,1,2,1,0
1,2,39,U2,M,1,0,0,2,3,0,6,3
1,2,6,U3,M,0,6,2,0,2,0,5,1
1,2,22,U3,M,0,2,0,0,1,2,8,3
1,2,38,U3,M,0,0,1,1,2,2,6,4
1,2,5,U4,M,0,1,8,1,1,1,0,3
1,2,21,U4,M,2,1,9,1,1,0,1,1
1,2,37,U4,M,2,2,1,1,5,4,1,0
1,3,4,D1,F,1,3,1,4,1,1,2,3
1,3,20,D1,F,0,1,4,1,2,1,2,5
1,3,36,D1,F,1,2,1,0,5,3,0,4
1,3,14,D2,F,0,4,2,6,0,0,3,1
1,3,30,D2,F,0,6,0,4,2,0,3,0
1,3,46,D2,F,1,0,3,3,3,1,5,0
1,3,1,D3,F,2,0,0,0,1,5,4,4
1,3,17,D3,F,3,2,0,2,3,3,1,1
1,3,33,D3,F,0,1,1,0,3,4,6,1
1,3,2,D4,F,3,1,6,0,3,2,0,0
1,3,18,D4,F,0,2,0,3,5,4,1,0
1,3,34,D4,F,2,1,1,3,3,3,1,2
1,3,10,U1,F,2,3,4,4,1,0,0,2
1,3,26,U1,F,2,2,5,0,0,3,3,1
1,3,42,U1,F,0,4,0,2,6,0,2,1
1,3,15,U2,F,1,2,0,5,1,1,3,3
1,3,31,U2,F,2,0,5,0,0,4,0,5
1,3,47,U2,F,4,1,0,6,1,0,1,3
1,3,6,U3,F,7,0,1,0,1,3,1,3
1,3,22,U3,F,3,0,0,2,0,0,5,6
1,3,38,U3,F,2,1,4,0,3,1,4,0
1,3,9,U4,F,1,1,4,0,0,0,7,3
1,3,25,U4,F,1,2,1,0,6,3,3,0
1,3,41,U4,F,1,2,5,3,0,0,3,1
1,3,13,D1,M,3,0,0,5,3,0,5,0
1,3,29,D1,M,2,2,4,0,3,0,5,0
1,3,45,D1,M,0,2,3,1,4,0,2,4
1,3,16,D2,M,3,5,4,0,1,0,3,0
1,3,32,D2,M,0,1,2,3,1,4,0,5
1,3,48,D2,M,1,0,2,1,12,0,0,0
1,3,7,D3,M,2,5,0,0,0,3,1,0
1,3,23,D3,M,4,2,3,0,0,6,1,0
1,3,39,D3,M,9,0,2,0,0,5,0,0
1,3,12,D4,M,1,2,0,6,0,7,0,0
1,3,28,D4,M,1,7,4,0,0,2,2,0
1,3,44,D4,M,3,0,0,1,1,3,2,6
1,3,3,U1,M,0,0,7,0,3,1,1,4
1,3,19,U1,M,0,2,1,0,5,0,7,1
1,3,35,U1,M,3,0,3,5,1,2,0,2
1,3,11,U2,M,0,0,4,0,0,1,0,10
1,3,27,U2,M,4,0,5,1,0,1,3,2
1,3,43,U2,M,4,1,0,2,3,6,0,0
1,3,8,U3,M,1,1,2,0,0,4,6,1
1,3,24,U3,M,0,3,4,3,1,3,1,1
1,3,40,U3,M,4,2,3,3,2,2,0,0
1,3,5,U4,M,4,0,2,2,1,3,0,4
1,3,21,U4,M,0,4,1,3,4,3,1,0
1,3,37,U4,M,9,1,1,0,0,0,0,5
1,4,14,D1,F,5,1,1,1,5,1,1,1
1,4,30,D1,F,0,7,1,3,1,0,3,0
1,4,46,D1,F,3,2,4,0,1,3,2,1
1,4,5,D2,F,1,0,3,1,9,0,0,1
1,4,21,D2,F,1,2,0,4,4,1,0,0
1,4,37,D2,F,2,6,2,2,0,2,0,1
1,4,8,D3,F,2,2,1,0,2,3,2,4
1,4,24,D3,F,3,4,2,0,0,1,0,6
1,4,40,D3,F,0,1,8,0,3,1,3,0
1,4,16,D4,F,0,2,1,1,2,5,4,1
1,4,32,D4,F,1,1,5,2,1,1,5,0
1,4,48,D4,F,1,2,2,1,2,6,0,1
1,4,1,U1,F,1,0,1,6,3,5,0,0
1,4,17,U1,F,3,6,3,1,1,0,1,1
1,4,33,U1,F,3,1,1,2,0,2,5,1
1,4,12,U2,F,2,1,2,3,5,0,2,0
1,4,28,U2,F,4,2,0,0,0,2,8,0
1,4,44,U2,F,3,1,0,0,3,5,1,2
1,4,13,U3,F,1,4,3,1,1,3,0,0
1,4,29,U3,F,3,0,1,3,2,1,2,2
1,4,45,U3,F,2,6,2,1,2,1,1,1
1,4,6,U4,F,4,1,0,6,1,2,2,0
1,4,22,U4,F,6,1,1,1,1,4,1,1
1,4,38,U4,F,2,2,3,1,1,2,1,4
1,4,9,D1,M,1,1,4,4,0,1,4,1
1,4,25,D1,M,4,0,2,1,2,1,3,3
1,4,41,D1,M,0,2,8,0,5,0,0,1
1,4,15,D2,M,3,1,0,4,3,1,3,0
1,4,31,D2,M,0,0,6,2,3,2,1,2
1,4,47,D2,M,0,7,4,0,0,0,3,2
1,4,4,D3,M,0,1,4,0,5,0,0,6
1,4,20,D3,M,0,3,3,0,0,4,1,5
1,4,36,D3,M,0,1,2,0,0,3,2,7
1,4,2,D4,M,3,1,2,2,1,3,0,4
1,4,18,D4,M,2,0,3,4,2,3,1,1
1,4,34,D4,M,0,1,1,2,1,3,2,4
1,4,10,U1,M,4,2,3,2,1,1,0,1
1,4,26,U1,M,2,2,4,2,1,0,3,1
1,4,42,U1,M,2,5,0,1,1,2,5,0
1,4,3,U2,M,2,2,5,2,0,1,2,1
1,4,19,U2,M,2,4,4,3,0,2,0,1
1,4,35,U2,M,0,5,0,1,6,4,0,0
1,4,11,U3,M,5,1,3,0,1,3,0,2
1,4,27,U3,M,5,2,2,0,1,0,2,2
1,4,43,U3,M,1,4,3,2,4,0,2,0
1,4,7,U4,M,6,1,7,1,0,0,1,0
1,4,23,U4,M,1,3,2,1,1,2,4,2
1,4,39,U4,M,4,1,6,0,1,1,2,1
1,5,4,C1,F,1,0,4,6,1,1,1,2
1,5,12,C1,F,0,1,0,2,2,5,1,2
1,5,20,C1,F,0,0,2,2,1,5,3,3
1,5,6,C2,F,2,1,2,9,0,0,1,1
1,5,14,C2,F,3,3,2,1,1,2,0,1
1,5,22,C2,F,5,2,1,2,0,1,2,1
1,5,5,C3,F,2,2,5,2,1,2,1,0
1,5,13,C3,F,1,0,2,7,1,3,1,1
1,5,21,C3,F,0,2,1,1,5,5,0,0
1,5,8,C4,F,4,4,2,1,1,4,0,0
1,5,16,C4,F,1,3,3,1,1,0,6,1
1,5,24,C4,F,7,1,2,0,2,2,2,0
1,5,7,C1,M,3,0,2,1,3,4,2,1
1,5,15,C1,M,0,2,5,2,3,4,0,0
1,5,23,C1,M,4,3,1,0,6,1,1,0
1,5,1,C2,M,0,2,2,3,2,4,1,1
1,5,9,C2,M,2,1,4,0,2,4,0,2
1,5,17,C2,M,5,0,2,3,1,1,0,2
1,5,3,C3,M,1,0,5,3,1,2,4,0
1,5,11,C3,M,0,2,3,3,0,1,1,3
1,5,19,C3,M,3,4,1,0,1,1,3,2
1,5,2,C4,M,0,0,1,0,7,0,4,4
1,5,10,C4,M,1,1,1,1,9,0,1,1
1,5,18,C4,M,1,1,6,2,2,0,1,3
1,6,7,C1,F,1,1,0,4,1,2,5,1
1,6,15,C1,F,0,4,2,0,0,1,4,5
1,6,23,C1,F,2,0,1,7,2,2,0,2
1,6,6,C2,F,0,0,2,6,5,1,1,1
1,6,14,C2,F,1,10,0,2,0,0,0,2
1,6,22,C2,F,7,5,0,1,1,2,0,0
1,6,8,C3,F,1,1,3,0,0,6,4,0
1,6,16,C3,F,6,1,1,3,1,1,0,2
1,6,24,C3,F,3,3,0,1,0,0,7,1
1,6,4,C4,F,2,1,0,0,4,0,3,6
1,6,12,C4,F,3,5,1,1,1,3,0,2
1,6,20,C4,F,0,0,1,7,5,1,1,1
1,6,5,C1,M,7,1,3,1,0,2,1,0
1,6,13,C1,M,1,1,3,0,6,2,0,2
1,6,21,C1,M,0,2,3,6,2,2,1,0
1,6,2,C2,M,2,1,1,1,6,3,2,0
1,6,10,C2,M,1,0,10,0,0,3,0,1
1,6,18,C2,M,0,9,1,0,2,1,2,0
1,6,3,C3,M,1,0,3,0,2,3,3,4
1,6,11,C3,M,0,6,1,2,0,3,3,1
1,6,19,C3,M,1,0,0,4,1,7,3,0
1,6,1,C4,M,2,6,0,1,0,0,5,1
1,6,9,C4,M,1,0,2,10,1,1,0,0
1,6,17,C4,M,1,6,1,1,4,1,2,0
2,1,8,D1,F,2,2,5,2,4,0,0,0
2,1,24,D1,F,3,1,0,2,0,5,1,3
2,1,40,D1,F,1,0,3,6,0,0,6,0
2,1,10,D2,F,3,0,0,0,0,11,0,2
2,1,26,D2,F,1,3,2,1,2,0,3,4
2,1,42,D2,F,0,6,4,5,0,1,0,0
2,1,6,D3,F,1,0,4,5,0,1,3,2
2,1,22,D3,F,0,1,0,0,12,0,0,2
2,1,38,D3,F,2,5,0,2,0,3,3,1
2,1,5,D4,F,1,3,3,1,4,3,0,1
2,1,21,D4,F,0,2,3,3,1,2,3,2
2,1,37,D4,F,0,3,2,0,5,4,1,1
2,1,11,U1,F,2,4,0,4,0,0,3,3
2,1,27,U1,F,1,7,2,1,2,0,0,3
2,1,43,U1,F,1,4,1,0,0,6,2,2
2,1,14,U2,F,2,2,0,0,0,9,3,0
2,1,30,U2,F,0,4,4,3,0,1,2,2
2,1,46,U2,F,2,0,9,2,0,0,1,2
2,1,16,U3,F,3,1,3,1,1,3,2,2
2,1,32,U3,F,3,1,7,2,1,1,0,0
2,1,48,U3,F,2,1,3,2,2,0,3,1
2,1,12,U4,F,0,1,0,7,4,0,0,4
2,1,28,U4,F,0,2,3,1,2,0,5,2
2,1,44,U4,F,4,0,1,2,2,3,1,3
2,1,3,D1,M,7,0,0,0,0,0,4,5
2,1,19,D1,M,4,3,4,0,1,0,4,0
2,1,35,D1,M,3,0,2,6,0,1,1,3
2,1,15,D2,M,1,0,1,12,0,2,0,0
2,1,31,D2,M,1,3,0,1,1,6,4,0
2,1,47,D2,M,1,1,2,8,2,0,2,0
2,1,7,D3,M,1,2,4,6,1,2,0,0
2,1,23,D3,M,4,3,7,0,0,0,0,1
2,1,39,D3,M,3,1,0,2,9,1,0,0
2,1,9,D4,M,1,0,4,0,2,1,6,1
2,1,25,D4,M,3,1,2,1,4,1,2,2
2,1,41,D4,M,4,1,3,6,0,1,0,0
2,1,13,U1,M,3,7,2,3,0,1,0,0
2,1,29,U1,M,3,2,1,3,3,3,1,0
2,1,45,U1,M,1,4,0,0,1,1,4,5
2,1,2,U2,M,1,2,1,2,0,0,2,6
2,1,18,U2,M,0,1,2,1,1,2,5,3
2,1,34,U2,M,0,3,5,2,1,2,0,2
2,1,4,U3,M,2,1,0,1,1,0,7,1
2,1,20,U3,M,0,4,0,0,9,0,1,1
2,1,36,U3,M,1,1,3,1,0,0,5,5
2,1,1,U4,M,3,1,6,1,0,1,2,1
2,1,17,U4,M,5,1,2,0,0,0,1,7
2,1,33,U4,M,0,1,2,1,8,3,0,0
2,2,13,D1,F,0,6,0,0,1,6,0,3
2,2,29,D1,F,0,1,6,0,1,1,7,0
2,2,45,D1,F,2,3,0,3,1,1,2,4
2,2,7,D2,F,1,4,6,1,2,1,1,0
2,2,23,D2,F,3,3,4,0,2,2,2,0
2,2,39,D2,F,1,5,0,0,0,4,6,0
2,2,9,D3,F,2,6,2,2,2,1,1,0
2,2,25,D3,F,5,2,1,0,1,2,3,2
2,2,41,D3,F,5,0,2,0,2,4,2,0
2,2,3,D4,F,2,4,5,0,0,0,2,1
2,2,19,D4,F,2,4,0,4,5,0,1,0
2,2,35,D4,F,2,0,0,4,4,4,1,1
2,2,8,U1,F,7,0,5,2,0,1,0,1
2,2,24,U1,F,1,0,9,0,5,0,0,1
2,2,40,U1,F,2,2,0,8,1,0,2,0
2,2,5,U2,F,1,0,7,0,1,5,0,1
2,2,21,U2,F,0,1,0,2,5,3,2,2
2,2,37,U2,F,3,2,0,1,2,3,0,5
2,2,2,U3,F,3,9,0,1,3,0,0,0
2,2,18,U3,F,1,5,4,0,1,0,4,1
2,2,34,U3,F,1,0,0,2,0,2,6,3
2,2,10,U4,F,1,0,3,3,1,1,6,1
2,2,26,U4,F,0,2,2,0,0,4,4,4
2,2,42,U4,F,3,1,1,0,3,4,0,4
2,2,4,D1,M,3,2,1,1,3,3,3,0
2,2,20,D1,M,0,2,3,4,0,0,2,5
2,2,36,D1,M,1,0,4,5,0,2,1,3
2,2,14,D2,M,2,1,0,3,2,5,1,2
2,2,30,D2,M,0,0,1,3,8,0,2,0
2,2,46,D2,M,2,2,2,3,1,6,0,0
2,2,1,D3,M,4,0,0,4,2,0,5,0
2,2,17,D3,M,4,4,0,0,0,0,8,0
2,2,33,D3,M,3,1,2,8,1,0,1,0
2,2,6,D4,M,0,2,8,0,0,3,2,1
2,2,22,D4,M,2,0,0,0,7,0,3,4
2,2,38,D4,M,1,6,4,0,2,3,0,0
2,2,16,U1,M,0,2,2,2,2,4,4,0
2,2,32,U1,M,1,4,0,2,0,2,3,3
2,2,48,U1,M,3,4,4,0,2,0,0,3
2,2,11,U2,M,0,1,1,8,0,3,2,0
2,2,27,U2,M,0,0,0,5,0,0,3,7
2,2,43,U2,M,5,0,2,1,0,1,5,1
2,2,12,U3,M,1,4,2,0,0,1,3,3
2,2,28,U3,M,2,0,1,0,0,10,0,2
2,2,44,U3,M,8,0,1,0,4,1,2,0
2,2,15,U4,M,4,2,0,9,1,0,0,0
2,2,31,U4,M,5,4,0,0,2,0,4,1
2,2,47,U4,M,0,9,1,1,1,0,2,2
2,3,3,D1,F,3,2,3,3,1,2,2,0
2,3,19,D1,F,1,0,3,1,4,2,3,1
2,3,35,D1,F,0,3,1,0,4,3,5,0
2,3,5,D2,F,0,0,6,1,2,2,2,3
2,3,21,D2,F,0,0,7,1,2,2,3,0
2,3,37,D2,F,2,0,5,0,1,2,6,0
2,3,9,D3,F,2,0,0,3,5,0,5,1
2,3,25,D3,F,3,1,3,3,0,0,1,3
2,3,41,D3,F,2,0,0,2,5,0,2,5
2,3,7,D4,F,0,2,1,1,3,3,1,5
2,3,23,D4,F,0,5,6,1,0,2,0,1
2,3,39,D4,F,0,3,0,6,4,0,2,1
2,3,15,U1,F,3,2,2,1,1,0,0,7
2,3,31,U1,F,2,1,3,1,2,2,4,1
2,3,47,U1,F,0,0,2,1,2,4,6,1
2,3,4,U2,F,3,0,0,2,1,0,10,0
2,3,20,U2,F,5,0,2,1,1,3,4,0
2,3,36,U2,F,0,0,2,0,3,4,0,4
2,3,13,U3,F,0,4,0,4,3,4,0,0
2,3,29,U3,F,2,4,2,0,0,1,7,0
2,3,45,U3,F,7,0,0,0,0,4,0,4
2,3,8,U4,F,0,5,1,2,0,0,7,0
2,3,24,U4,F,1,6,1,1,1,2,1,3
2,3,40,U4,F,0,7,1,3,0,5,0,0
2,3,1,D1,M,4,0,0,2,2,0,5,3
2,3,17,D1,M,1,1,2,3,0,1,6,2
2,3,33,D1,M,5,0,1,1,3,1,0,4
2,3,11,D2,M,3,4,0,3,1,0,5,0
2,3,27,D2,M,0,0,0,1,1,9,5,0
2,3,43,D2,M,0,3,2,0,1,6,4,0
2,3,14,D3,M,0,5,2,0,1,1,3,2
2,3,30,D3,M,0,0,0,7,5,3,0,1
2,3,46,D3,M,0,1,0,0,0,7,5,2
2,3,2,D4,M,0,3,1,1,1,2,0,7
2,3,18,D4,M,5,3,1,0,1,4,1,1
2,3,34,D4,M,1,0,3,4,4,1,2,0
2,3,6,U1,M,0,1,6,0,3,5,0,1
2,3,22,U1,M,1,1,8,0,1,0,2,3
2,3,38,U1,M,2,3,5,3,0,0,0,3
2,3,12,U2,M,4,0,2,3,0,0,0,6
2,3,28,U2,M,0,1,0,4,1,0,4,4
2,3,44,U2,M,2,1,3,0,0,2,0,6
2,3,10,U3,M,0,0,0,7,1,1,0,0
2,3,26,U3,M,1,9,0,0,1,0,3,1
2,3,42,U3,M,4,0,0,0,3,4,0,5
2,3,16,U4,M,0,10,0,5,0,0,0,1
2,3,32,U4,M,0,2,8,2,1,1,1,1
2,3,48,U4,M,0,1,2,4,0,7,1,0
2,4,14,D1,F,0,0,0,1,1,7,2,2
2,4,30,D1,F,0,0,4,0,3,2,7,0
2,4,46,D1,F,2,1,3,4,0,4,1,0
2,4,3,D2,F,1,2,4,2,0,5,0,0
2,4,19,D2,F,1,1,6,0,0,2,6,0
2,4,35,D2,F,1,2,1,1,0,7,3,1
2,4,11,D3,F,2,1,2,1,0,3,3,1
2,4,27,D3,F,1,0,0,1,3,5,1,4
2,4,43,D3,F,1,2,0,2,0,6,0,5
2,4,6,D4,F,0,0,1,0,8,4,3,0
2,4,22,D4,F,2,8,0,0,0,2,0,4
2,4,38,D4,F,5,5,0,0,1,0,0,2
2,4,12,U1,F,5,2,0,2,2,0,0,5
2,4,28,U1,F,0,1,9,2,0,3,1,0
2,4,44,U1,F,0,2,3,7,1,0,0,3
2,4,9,U2,F,2,1,0,1,2,3,4,2
2,4,25,U2,F,4,0,0,0,1,1,1,8
2,4,41,U2,F,3,1,4,1,0,4,0,3
2,4,5,U3,F,0,1,1,6,0,6,0,0
2,4,21,U3,F,1,3,1,3,6,1,0,0
2,4,37,U3,F,0,4,1,3,2,2,0,4
2,4,2,U4,F,0,1,4,1,0,1,8,1
2,4,18,U4,F,1,0,1,5,8,0,0,1
2,4,34,U4,F,2,0,2,1,0,1,5,0
2,4,4,D1,M,1,1,4,3,0,0,0,6
2,4,20,D1,M,1,2,1,6,1,1,2,0
2,4,36,D1,M,0,1,1,6,0,7,1,0
2,4,1,D2,M,6,3,1,1,0,1,2,0
2,4,17,D2,M,0,1,5,4,1,2,1,0
2,4,33,D2,M,2,3,1,1,3,4,2,0
2,4,7,D3,M,0,1,1,4,2,0,4,4
2,4,23,D3,M,1,9,2,1,0,0,1,2
2,4,39,D3,M,0,2,4,0,0,5,5,0
2,4,16,D4,M,1,0,0,0,2,0,6,7
2,4,32,D4,M,7,0,4,2,0,0,0,1
2,4,48,D4,M,0,0,0,4,0,5,2,4
2,4,10,U1,M,3,1,6,2,1,0,1,2
2,4,26,U1,M,7,4,2,1,0,2,0,0
2,4,42,U1,M,1,1,1,0,2,2,1,7
2,4,13,U2,M,7,1,4,0,0,0,2,1
2,4,29,U2,M,2,1,8,1,1,0,0,2
2,4,45,U2,M,0,1,1,1,0,0,4,8
2,4,15,U3,M,1,5,5,1,0,1,0,2
2,4,31,U3,M,1,0,2,0,4,3,6,0
2,4,47,U3,M,0,1,5,0,3,1,1,5
2,4,8,U4,M,6,1,1,1,3,1,2,0
2,4,24,U4,M,0,9,4,0,0,0,0,3
2,4,40,U4,M,2,0,1,1,3,0,0,9
3,1,13,D1,F,1,1,0,2,4,4,2,0
3,1,29,D1,F,0,2,0,1,6,1,4,2
3,1,45,D1,F,4,3,2,0,1,1,0,5
3,1,2,D2,F,3,0,2,2,3,1,0,3
3,1,18,D2,F,2,2,1,3,3,1,1,3
3,1,34,D2,F,2,2,2,1,0,3,5,1
3,1,4,D3,F,0,2,0,1,0,1,1,9
3,1,20,D3,F,0,3,3,8,0,0,0,1
3,1,36,D3,F,3,3,1,1,0,1,5,2
3,1,12,D4,F,6,3,0,1,2,2,2,0
3,1,28,D4,F,4,1,0,2,1,3,1,4
3,1,44,D4,F,2,3,0,2,2,0,2,5
3,1,14,U1,F,1,3,0,0,4,6,1,1
3,1,30,U1,F,2,4,2,3,4,0,0,1
3,1,46,U1,F,0,5,1,0,4,2,0,3
3,1,10,U2,F,1,0,4,2,0,6,2,1
3,1,26,U2,F,4,0,2,2,1,0,5,0
3,1,42,U2,F,1,0,0,0,0,2,4,9
3,1,9,U3,F,5,3,0,0,4,0,0,3
3,1,25,U3,F,0,2,3,0,1,4,2,4
3,1,41,U3,F,0,1,4,1,2,6,1,0
3,1,7,U4,F,1,5,2,1,3,4,0,0
3,1,23,U4,F,1,1,5,3,0,0,0,6
3,1,39,U4,F,1,1,0,3,8,2,0,0
3,1,1,D1,M,1,2,1,1,2,3,1,5
3,1,17,D1,M,2,0,0,0,0,0,7,6
3,1,33,D1,M,1,4,0,2,0,4,2,3
3,1,6,D2,M,0,0,4,1,8,1,1,1
3,1,22,D2,M,3,0,0,5,1,4,2,1
3,1,38,D2,M,6,2,5,1,0,1,0,1
3,1,5,D3,M,0,0,1,0,0,3,1,11
3,1,21,D3,M,1,1,1,1,4,1,3,3
3,1,37,D3,M,0,0,4,0,0,5,6,0
3,1,8,D4,M,0,0,0,3,6,0,0,5
3,1,24,D4,M,0,2,1,0,1,0,5,7
3,1,40,D4,M,0,4,0,1,2,1,6,2
3,1,16,U1,M,4,1,1,1,3,1,2,3
3,1,32,U1,M,1,0,0,0,5,6,4,0
3,1,48,U1,M,1,2,3,1,2,1,1,4
3,1,3,U2,M,0,10,5,0,1,0,0,0
3,1,19,U2,M,8,1,1,0,1,0,0,5
3,1,35,U2,M,1,0,6,0,0,0,8,1
3,1,15,U3,M,2,4,1,8,0,0,0,1
3,1,31,U3,M,1,0,1,2,9,1,2,0
3,1,47,U3,M,4,4,0,0,0,4,0,4
3,1,11,U4,M,3,4,4,2,0,1,0,1
3,1,27,U4,M,0,2,9,0,2,0,0,3
3,1,43,U4,M,5,2,1,0,2,0,4,1
3,2,4,D1,F,0,0,1,2,3,1,4,5
3,2,20,D1,F,1,0,2,3,6,1,1,1
3,2,36,D1,F,0,1,2,0,6,3,3,1
3,2,12,D2,F,4,1,3,2,3,0,1,2
3,2,28,D2,F,5,0,2,2,0,0,2,4
3,2,44,D2,F,4,4,0,0,2,1,4,1
3,2,7,D3,F,0,1,3,1,8,1,0,2
3,2,23,D3,F,2,5,0,2,1,3,3,0
3,2,39,D3,F,1,0,4,0,0,3,6,2
3,2,1,D4,F,1,4,5,2,1,1,1,1
3,2,17,D4,F,4,2,4,0,2,0,3,1
3,2,33,D4,F,1,4,4,2,3,0,0,2
3,2,15,U1,F,5,2,0,2,2,3,2,0
3,2,31,U1,F,3,0,2,1,4,1,3,1
3,2,47,U1,F,2,2,4,2,1,1,1,3
3,2,2,U2,F,5,0,1,0,6,3,0,0
3,2,18,U2,F,2,3,0,4,0,2,3,1
3,2,34,U2,F,0,0,1,2,10,3,0,0
3,2,10,U3,F,3,1,3,2,0,0,0,7
3,2,26,U3,F,0,0,5,1,2,3,2,3
3,2,42,U3,F,5,2,3,0,0,1,0,3
3,2,13,U4,F,2,1,4,4,0,0,1,4
3,2,29,U4,F,3,0,2,0,0,0,1,8
3,2,45,U4,F,1,0,1,5,0,3,1,5
3,2,9,D1,M,1,2,1,4,0,2,6,0
3,2,25,D1,M,1,4,2,0,4,3,1,1
3,2,41,D1,M,0,0,1,1,2,1,0,10
3,2,6,D2,M,9,0,1,3,0,0,3,0
3,2,22,D2,M,1,1,1,2,4,1,4,2
3,2,38,D2,M,1,0,3,3,4,0,3,1
3,2,3,D3,M,0,0,4,1,4,1,1,4
3,2,19,D3,M,2,2,1,0,0,8,1,2
3,2,35,D3,M,4,1,1,3,0,1,1,5
3,2,8,D4,M,1,3,2,0,0,3,4,0
3,2,24,D4,M,1,1,1,1,2,0,2,7
3,2,40,D4,M,0,3,2,0,2,3,0,6
3,2,14,U1,M,1,4,2,1,7,0,0,1
3,2,30,U1,M,0,0,4,1,0,0,0,10
3,2,46,U1,M,0,1,2,3,4,2,4,0
3,2,16,U2,M,9,0,4,2,0,0,0,0
3,2,32,U2,M,0,2,4,4,1,5,0,0
3,2,48,U2,M,1,0,3,4,0,3,0,5
3,2,11,U3,M,1,0,2,1,3,5,2,2
3,2,27,U3,M,3,0,0,0,2,1,1,7
3,2,43,U3,M,1,5,1,4,0,0,5,0
3,2,5,U4,M,0,3,12,0,0,0,1,0
3,2,21,U4,M,0,1,4,0,4,4,0,3
3,2,37,U4,M,0,0,1,6,4,1,4,0
3,3,5,D1,F,6,2,0,3,0,0,4,1
3,3,21,D1,F,1,1,3,1,1,1,1,7
3,3,37,D1,F,5,2,2,1,3,0,1,1
3,3,1,D2,F,1,5,1,1,3,2,0,2
3,3,17,D2,F,3,0,4,0,1,8,0,0
3,3,33,D2,F,0,2,3,1,4,3,3,0
3,3,10,D3,F,5,6,0,2,0,0,2,1
3,3,26,D3,F,0,1,8,1,0,1,0,4
3,3,42,D3,F,8,0,0,1,0,4,1,1
3,3,4,D4,F,6,0,2,0,1,4,0,3
3,3,20,D4,F,0,1,2,2,6,3,1,1
3,3,36,D4,F,1,0,1,3,0,1,0,9
3,3,9,U1,F,1,1,4,3,0,2,5,0
3,3,25,U1,F,1,0,1,0,4,1,1,7
3,3,41,U1,F,1,1,1,0,6,2,0,3
3,3,15,U2,F,3,2,1,1,2,0,1,5
3,3,31,U2,F,3,0,0,2,3,0,5,2
3,3,47,U2,F,0,2,4,5,0,4,0,1
3,3,6,U3,F,0,0,5,4,2,5,0,0
3,3,22,U3,F,0,1,0,3,1,6,4,1
3,3,38,U3,F,0,0,0,10,2,0,2,2
3,3,2,U4,F,0,1,5,0,3,2,1,0
3,3,18,U4,F,2,3,0,0,1,0,8,2
3,3,34,U4,F,0,3,0,2,0,7,3,1
3,3,3,D1,M,2,3,2,3,1,0,5,0
3,3,19,D1,M,3,2,0,4,0,5,2,0
3,3,35,D1,M,3,0,2,2,0,0,1,10
3,3,8,D2,M,0,0,6,0,0,5,4,1
3,3,24,D2,M,5,2,4,0,0,2,1,2
3,3,40,D2,M,5,0,2,4,5,0,0,0
3,3,14,D3,M,2,0,1,1,3,7,0,2
3,3,30,D3,M,7,1,1,0,0,0,3,4
3,3,46,D3,M,2,0,1,8,4,0,0,1
3,3,11,D4,M,12,3,0,1,0,0,0,0
3,3,27,D4,M,0,1,3,0,0,0,3,9
3,3,43,D4,M,3,0,0,0,0,1,2,6
3,3,16,U1,M,1,2,3,1,1,2,3,3
3,3,32,U1,M,1,1,4,0,5,3,0,2
3,3,48,U1,M,4,5,2,3,0,1,1,0
3,3,12,U2,M,0,9,4,0,0,2,0,0
3,3,28,U2,M,0,1,0,8,5,0,2,0
3,3,44,U2,M,5,2,0,0,1,5,0,2
3,3,13,U3,M,5,1,0,0,5,3,1,0
3,3,29,U3,M,3,3,1,7,0,0,0,2
3,3,45,U3,M,7,5,0,0,0,0,3,1
3,3,7,U4,M,0,2,1,8,1,1,0,3
3,3,23,U4,M,0,5,3,3,3,0,1,0
3,3,39,U4,M,1,0,1,1,5,0,1,7
3,4,4,D1,F,1,2,0,3,2,1,3,4
3,4,20,D1,F,2,3,0,3,3,2,0,2
3,4,36,D1,F,4,0,4,2,3,0,1,2
3,4,6,D2,F,8,0,0,2,5,0,1,0
3,4,22,D2,F,3,0,2,1,1,0,4,4
3,4,38,D2,F,1,2,7,2,1,1,1,1
3,4,12,D3,F,0,1,5,2,0,6,0,1
3,4,28,D3,F,3,3,0,1,3,1,2,2
3,4,44,D3,F,3,4,0,4,0,2,0,3
3,4,9,D4,F,4,3,2,1,4,0,1,1
3,4,25,D4,F,2,4,0,1,0,1,2,5
3,4,41,D4,F,1,0,0,3,7,5,0,0
3,4,1,U1,F,2,0,1,1,4,6,1,1
3,4,17,U1,F,0,4,0,6,2,1,1,2
3,4,33,U1,F,0,0,3,0,5,3,1,4
3,4,3,U2,F,0,2,1,3,1,1,4,4
3,4,19,U2,F,3,1,3,3,1,1,3,1
3,4,35,U2,F,4,3,0,1,0,4,1,1
3,4,15,U3,F,0,0,0,1,5,4,0,5
3,4,31,U3,F,0,1,0,3,4,3,5,0
3,4,47,U3,F,4,3,1,2,4,1,0,1
3,4,5,U4,F,3,0,1,0,2,6,0,3
3,4,21,U4,F,1,0,3,7,1,1,0,3
3,4,37,U4,F,5,4,2,2,0,0,1,1
3,4,2,D1,M,0,0,0,7,5,1,1,1
3,4,18,D1,M,5,0,3,1,1,0,4,1
3,4,34,D1,M,0,4,4,0,3,2,3,0
3,4,13,D2,M,4,0,0,0,1,0,0,11
3,4,29,D2,M,0,3,0,5,4,0,0,4
3,4,45,D2,M,4,2,6,0,0,0,0,3
3,4,11,D3,M,0,2,6,1,2,3,2,0
3,4,27,D3,M,0,0,3,1,5,2,4,1
3,4,43,D3,M,3,2,3,0,0,0,7,0
3,4,7,D4,M,3,6,2,2,1,0,0,1
3,4,23,D4,M,0,4,5,7,0,0,0,0
3,4,39,D4,M,0,0,7,0,1,2,5,1
3,4,8,U1,M,2,2,1,2,3,0,6,0
3,4,24,U1,M,1,1,0,2,3,1,4,2
3,4,40,U1,M,10,4,0,0,2,0,0,0
3,4,10,U2,M,3,5,0,1,1,1,4,1
3,4,26,U2,M,0,0,0,14,1,0,0,0
3,4,42,U2,M,3,9,0,0,0,1,0,3
3,4,14,U3,M,2,4,0,1,3,1,5,0
3,4,30,U3,M,3,2,3,4,4,0,0,0
3,4,46,U3,M,0,6,0,3,0,3,0,3
3,4,16,U4,M,1,4,0,3,1,4,2,0
3,4,32,U4,M,8,1,1,2,1,0,3,0
3,4,48,U4,M,0,0,2,2,4,1,1,6
4,1,12,D1,F,0,3,3,0,2,7,0,1
4,1,28,D1,F,1,3,0,0,1,1,6,4
4,1,44,D1,F,5,5,0,0,0,0,4,2
4,1,2,D2,F,1,0,4,3,0,2,1,5
4,1,18,D2,F,3,1,2,2,2,3,2,1
4,1,34,D2,F,0,0,3,0,4,6,0,3
4,1,13,D3,F,1,3,2,2,1,3,3,1
4,1,29,D3,F,5,0,0,4,6,1,0,0
4,1,45,D3,F,6,0,4,4,0,1,1,0
4,1,9,D4,F,4,6,2,2,0,0,0,3
4,1,25,D4,F,5,0,0,1,2,0,3,5
4,1,41,D4,F,1,2,3,2,3,1,2,1
4,1,8,U1,F,5,4,2,2,1,0,2,0
4,1,24,U1,F,3,1,0,4,0,0,4,3
4,1,40,U1,F,2,0,5,3,4,1,0,0
4,1,11,U2,F,7,0,0,0,3,0,0,6
4,1,27,U2,F,5,0,1,3,1,3,2,1
4,1,43,U2,F,5,0,2,0,0,0,3,6
4,1,15,U3,F,4,1,3,2,1,3,2,0
4,1,31,U3,F,3,0,3,3,0,2,4,0
4,1,47,U3,F,0,2,2,2,3,2,1,3
4,1,5,U4,F,7,1,3,3,1,1,0,0
4,1,21,U4,F,1,2,5,0,2,0,2,4
4,1,37,U4,F,4,0,1,3,1,0,5,2
4,1,6,D1,M,0,1,3,0,2,2,7,1
4,1,22,D1,M,1,1,2,2,4,3,2,1
4,1,38,D1,M,3,0,1,5,4,0,2,1
4,1,10,D2,M,0,2,4,2,0,2,4,1
4,1,26,D2,M,4,1,5,0,0,4,1,1
4,1,42,D2,M,0,0,0,4,0,1,8,2
4,1,3,D3,M,2,3,2,1,1,5,1,1
4,1,19,D3,M,0,0,1,5,3,3,1,2
4,1,35,D3,M,2,3,0,0,1,4,4,1
4,1,16,D4,M,5,3,0,6,0,1,1,0
4,1,32,D4,M,0,0,5,1,5,4,0,1
4,1,48,D4,M,0,0,2,7,1,0,1,5
4,1,14,U1,M,4,0,3,4,1,3,1,0
4,1,30,U1,M,1,0,3,4,3,3,1,1
4,1,46,U1,M,7,6,0,1,0,0,0,2
4,1,7,U2,M,0,6,4,0,3,3,0,0
4,1,23,U2,M,2,5,5,2,0,1,0,1
4,1,39,U2,M,0,0,0,4,4,0,0,8
4,1,4,U3,M,1,3,1,0,1,6,3,1
4,1,20,U3,M,0,0,3,2,10,0,0,1
4,1,36,U3,M,2,4,1,0,1,2,0,6
4,1,1,U4,M,1,1,0,4,2,2,5,1
4,1,17,U4,M,5,1,0,3,3,3,1,0
4,1,33,U4,M,0,0,0,1,5,8,2,0
4,2,3,D1,F,0,0,2,4,6,2,1,0
4,2,19,D1,F,1,0,2,2,2,0,7,2
4,2,35,D1,F,0,1,1,1,3,4,2,3
4,2,10,D2,F,0,1,5,3,2,3,0,1
4,2,26,D2,F,1,3,2,1,0,0,3,5
4,2,42,D2,F,4,2,0,2,2,3,2,1
4,2,16,D3,F,1,5,0,4,0,6,0,0
4,2,32,D3,F,1,0,2,1,5,5,2,0
4,2,48,D3,F,0,3,3,1,3,1,0,5
4,2,7,D4,F,3,1,6,0,3,2,1,0
4,2,23,D4,F,1,1,2,4,1,1,1,5
4,2,39,D4,F,6,2,2,3,0,0,3,0
4,2,1,U1,F,1,1,2,1,7,4,0,0
4,2,17,U1,F,3,1,2,1,0,3,1,4
4,2,33,U1,F,0,3,1,2,1,2,3,3
4,2,5,U2,F,5,0,2,0,6,2,0,1
4,2,21,U2,F,1,0,0,11,0,4,0,0
4,2,37,U2,F,4,1,5,2,2,1,1,0
4,2,6,U3,F,0,1,1,5,4,2,3,0
4,2,22,U3,F,1,1,1,2,1,4,0,3
4,2,38,U3,F,2,1,0,3,2,2,2,4
4,2,15,U4,F,0,0,0,3,1,6,2,4
4,2,31,U4,F,1,0,1,2,3,6,3,0
4,2,47,U4,F,0,1,3,3,3,0,5,1
4,2,8,D1,M,1,1,2,0,1,6,3,2
4,2,24,D1,M,0,1,1,1,1,1,0,11
4,2,40,D1,M,3,2,1,1,2,3,2,2
4,2,9,D2,M,2,6,1,0,0,0,0,7
4,2,25,D2,M,2,3,3,3,2,1,1,1
4,2,41,D2,M,4,1,5,0,3,1,1,1
4,2,13,D3,M,6,1,0,2,1,2,2,0
4,2,29,D3,M,2,0,0,9,1,0,0,4
4,2,45,D3,M,1,6,0,0,0,0,0,8
4,2,2,D4,M,0,0,0,4,3,3,5,1
4,2,18,D4,M,4,3,3,0,0,4,1,1
4,2,34,D4,M,0,0,1,0,5,1,7,2
4,2,11,U1,M,0,9,0,0,2,0,0,4
4,2,27,U1,M,2,0,0,0,2,3,7,1
4,2,43,U1,M,1,4,1,1,0,5,0,4
4,2,4,U2,M,1,2,0,2,8,0,0,3
4,2,20,U2,M,0,1,2,2,3,1,3,4
4,2,36,U2,M,0,0,2,3,2,8,0,0
4,2,12,U3,M,1,1,1,2,2,3,1,5
4,2,28,U3,M,5,1,0,0,7,1,1,0
4,2,44,U3,M,4,2,0,0,3,4,2,1
4,2,14,U4,M,0,3,0,2,3,3,0,5
4,2,30,U4,M,3,4,3,0,4,2,0,0
4,2,46,U4,M,2,0,5,2,0,4,0,2
4,3,7,D1,F,4,1,4,1,2,0,1,3
4,3,23,D1,F,1,2,3,1,2,0,4,2
4,3,39,D1,F,0,0,5,1,3,3,0,2
4,3,2,D2,F,0,1,4,4,3,2,1,1
4,3,18,D2,F,2,0,2,0,4,2,3,1
4,3,34,D2,F,1,2,0,2,3,2,3,1
4,3,13,D3,F,1,3,1,1,3,0,3,4
4,3,29,D3,F,0,4,0,0,3,5,1,3
4,3,45,D3,F,4,5,1,2,0,2,0,2
4,3,12,D4,F,1,4,0,1,4,4,2,0
4,3,28,D4,F,3,0,1,4,4,0,0,4
4,3,44,D4,F,1,6,2,3,1,2,0,1
4,3,14,U1,F,2,2,2,0,5,2,3,0
4,3,30,U1,F,1,5,1,3,0,1,4,0
4,3,46,U1,F,1,2,3,0,2,3,4,1
4,3,16,U2,F,3,0,3,1,0,4,3,0
4,3,32,U2,F,0,1,5,4,3,3,0,0
4,3,48,U2,F,4,3,3,2,0,2,0,1
4,3,6,U3,F,2,0,4,1,3,2,2,2
4,3,22,U3,F,1,2,0,3,2,3,3,2
4,3,38,U3,F,0,3,1,2,2,1,0,4
4,3,1,U4,F,0,2,1,6,0,0,5,2
4,3,17,U4,F,2,0,3,0,2,1,1,3
4,3,33,U4,F,1,0,2,4,4,2,0,3
4,3,15,D1,M,2,5,2,1,0,1,1,3
4,3,31,D1,M,6,0,5,0,1,3,0,1
4,3,47,D1,M,0,3,2,5,4,1,0,0
4,3,11,D2,M,0,1,1,4,2,1,0,4
4,3,27,D2,M,2,0,1,2,3,0,2,5
4,3,43,D2,M,0,7,1,3,2,2,1,0
4,3,5,D3,M,1,2,3,3,1,1,3,1
4,3,21,D3,M,2,0,5,1,2,2,2,2
4,3,37,D3,M,9,0,3,2,1,0,0,0
4,3,8,D4,M,0,2,2,2,5,2,1,0
4,3,24,D4,M,4,3,3,0,1,2,1,0
4,3,40,D4,M,4,0,1,3,0,1,0,4
4,3,3,U1,M,1,1,9,0,1,0,1,2
4,3,19,U1,M,0,4,0,4,0,3,0,4
4,3,35,U1,M,5,2,3,2,0,0,1,3
4,3,4,U2,M,2,0,2,2,1,1,2,5
4,3,20,U2,M,0,0,0,3,3,7,2,0
4,3,36,U2,M,5,1,0,2,3,0,2,3
4,3,10,U3,M,0,4,6,1,1,0,1,3
4,3,26,U3,M,6,2,3,0,0,0,4,1
4,3,42,U3,M,4,4,0,0,3,3,0,2
4,3,9,U4,M,2,4,3,0,0,0,6,0
4,3,25,U4,M,5,0,3,1,0,0,0,5
4,3,41,U4,M,2,0,2,3,3,2,1,3
4,4,7,D1,F,1,1,3,2,2,3,0,4
4,4,23,D1,F,7,2,2,1,1,2,0,0
4,4,39,D1,F,3,2,0,0,4,0,3,3
4,4,4,D2,F,1,4,2,2,1,2,3,0
4,4,20,D2,F,1,3,3,4,0,5,0,0
4,4,36,D2,F,3,4,0,3,2,0,0,3
4,4,10,D3,F,1,1,0,3,3,3,2,3
4,4,26,D3,F,4,4,0,4,0,2,0,1
4,4,42,D3,F,3,1,3,1,1,2,1,4
4,4,15,D4,F,0,4,1,4,2,1,1,3
4,4,31,D4,F,1,4,1,0,2,0,1,4
4,4,47,D4,F,1,4,3,0,4,4,0,0
4,4,13,U1,F,2,3,0,2,4,0,0,3
4,4,29,U1,F,3,0,0,1,7,1,4,0
4,4,45,U1,F,2,5,0,0,2,1,0,4
4,4,3,U2,F,0,0,0,1,1,4,6,4
4,4,19,U2,F,2,1,2,1,2,0,4,4
4,4,35,U2,F,2,2,0,1,1,0,3,6
4,4,6,U3,F,5,4,0,1,1,0,4,1
4,4,22,U3,F,4,6,0,1,0,0,1,2
4,4,38,U3,F,2,2,5,0,3,3,0,1
4,4,8,U4,F,0,2,1,2,4,2,1,3
4,4,24,U4,F,1,5,0,3,3,0,1,3
4,4,40,U4,F,2,0,1,1,2,5,4,1
4,4,11,D1,M,3,1,0,0,6,5,0,1
4,4,27,D1,M,1,0,0,1,1,1,2,9
4,4,43,D1,M,5,0,0,5,1,0,3,2
4,4,12,D2,M,1,6,1,3,2,0,2,0
4,4,28,D2,M,1,0,1,5,7,0,0,1
4,4,44,D2,M,3,3,2,0,0,0,1,7
4,4,5,D3,M,3,2,4,4,1,0,1,1
4,4,21,D3,M,2,0,3,6,0,0,0,5
4,4,37,D3,M,2,1,4,2,2,2,0,3
4,4,16,D4,M,2,3,0,1,3,2,2,2
4,4,32,D4,M,0,0,4,5,4,1,0,2
4,4,48,D4,M,0,3,0,5,2,5,1,0
4,4,14,U1,M,0,1,0,1,4,5,0,2
4,4,30,U1,M,0,0,0,0,0,3,9,4
4,4,46,U1,M,2,0,8,0,0,0,5,1
4,4,2,U2,M,2,1,1,4,1,2,1,4
4,4,18,U2,M,6,0,4,0,1,0,4,1
4,4,34,U2,M,0,0,2,2,0,0,5,6
4,4,9,U3,M,0,5,5,0,5,1,0,0
4,4,25,U3,M,5,1,2,0,2,2,0,4
4,4,41,U3,M,0,5,3,1,4,1,0,2
4,4,1,U4,M,4,0,0,0,0,0,5,7
4,4,17,U4,M,4,5,3,1,0,1,1,0
4,4,33,U4,M,0,1,5,0,2,1,1,5
5,1,5,D1,F,3,3,1,3,1,0,0,5
5,1,21,D1,F,1,1,0,2,4,3,0,3
5,1,37,D1,F,2,3,2,1,0,1,5,1
5,1,6,D2,F,0,4,0,3,0,3,0,6
5,1,22,D2,F,4,4,1,2,0,1,1,2
5,1,38,D2,F,2,2,4,0,2,0,0,6
5,1,11,D3,F,2,5,5,2,0,1,0,0
5,1,27,D3,F,1,1,0,0,7,1,4,2
5,1,43,D3,F,1,1,1,2,0,5,3,3
5,1,10,D4,F,0,1,7,1,1,2,3,0
5,1,26,D4,F,3,2,2,3,1,1,1,2
5,1,42,D4,F,2,0,2,1,2,4,4,0
5,1,4,U1,F,0,1,2,3,1,0,6,2
5,1,20,U1,F,1,1,3,5,2,3,1,1
5,1,36,U1,F,2,4,0,3,4,1,0,0
5,1,1,U2,F,0,0,1,0,1,4,5,3
5,1,17,U2,F,0,1,2,2,0,2,4,5
5,1,33,U2,F,0,2,3,1,4,0,2,2
5,1,16,U3,F,5,3,0,1,0,0,2,5
5,1,32,U3,F,4,1,2,1,3,1,1,1
5,1,48,U3,F,0,5,1,6,0,3,1,0
5,1,15,U4,F,1,2,1,2,1,0,5,2
5,1,31,U4,F,4,0,2,1,6,1,0,1
5,1,47,U4,F,0,0,1,1,5,0,3,6
5,1,9,D1,M,7,1,3,0,0,0,2,3
5,1,25,D1,M,2,2,2,1,4,1,3,0
5,1,41,D1,M,0,1,5,3,4,0,1,1
5,1,13,D2,M,3,0,0,0,1,4,2,5
5,1,29,D2,M,3,3,0,2,4,0,3,1
5,1,45,D2,M,1,2,4,0,5,0,4,0
5,1,8,D3,M,4,7,0,1,0,2,0,2
5,1,24,D3,M,2,5,0,1,5,0,2,0
5,1,40,D3,M,2,3,2,1,0,1,6,1
5,1,3,D4,M,0,3,0,1,6,1,4,1
5,1,19,D4,M,1,0,1,5,0,3,6,0
5,1,35,D4,M,1,3,1,0,2,0,1,8
5,1,12,U1,M,0,9,0,2,1,1,2,1
5,1,28,U1,M,1,6,2,0,2,2,1,1
5,1,44,U1,M,4,1,1,1,1,4,3,0
5,1,7,U2,M,0,0,1,1,4,6,1,3
5,1,23,U2,M,0,1,5,1,1,1,0,6
5,1,39,U2,M,2,0,3,6,2,2,0,1
5,1,2,U3,M,0,4,1,0,0,0,7,3
5,1,18,U3,M,8,1,1,0,1,0,3,1
5,1,34,U3,M,1,2,6,1,0,0,1,4
5,1,14,U4,M,1,3,0,1,3,8,0,0
5,1,30,U4,M,0,2,1,10,2,0,0,0
5,1,46,U4,M,9,0,0,1,0,0,0,6
5,2,2,D1,F,0,0,5,4,4,2,0,2
5,2,18,D1,F,2,2,1,2,2,0,4,3
5,2,34,D1,F,3,0,0,0,5,1,3,4
5,2,7,D2,F,4,1,1,2,4,2,0,1
5,2,23,D2,F,0,8,0,2,2,2,1,1
5,2,39,D2,F,2,0,3,4,2,2,0,3
5,2,4,D3,F,1,0,4,7,3,0,0,0
5,2,20,D3,F,1,0,2,2,4,1,3,3
5,2,36,D3,F,2,1,2,0,5,3,1,1
5,2,13,D4,F,2,2,2,0,4,2,2,2
5,2,29,D4,F,4,2,0,1,0,2,1,6
5,2,45,D4,F,3,0,3,3,2,0,0,5
5,2,10,U1,F,0,0,6,1,4,2,1,0
5,2,26,U1,F,1,0,3,1,9,0,0,1
5,2,42,U1,F,1,0,1,1,0,3,5,5
5,2,14,U2,F,0,1,1,3,7,0,0,3
5,2,30,U2,F,2,2,2,1,4,2,1,2
5,2,46,U2,F,4,1,1,2,0,3,1,2
5,2,11,U3,F,3,4,6,1,0,0,0,2
5,2,27,U3,F,7,2,2,0,0,2,0,2
5,2,43,U3,F,2,3,0,1,2,3,0,5
5,2,16,U4,F,2,1,2,1,5,2,1,2
5,2,32,U4,F,2,4,3,1,2,4,0,0
5,2,48,U4,F,2,0,2,6,2,1,0,3
5,2,5,D1,M,0,1,3,5,2,2,1,1
5,2,21,D1,M,0,0,3,1,5,3,2,2
5,2,37,D1,M,4,0,2,5,1,2,0,1
5,2,12,D2,M,0,2,6,0,1,1,5,1
5,2,28,D2,M,3,2,2,2,1,0,3,1
5,2,44,D2,M,3,2,3,2,1,0,0,4
5,2,9,D3,M,4,0,7,2,0,0,0,1
5,2,25,D3,M,1,6,2,1,0,2,0,4
5,2,41,D3,M,2,0,4,1,0,4,5,0
5,2,8,D4,M,4,0,3,2,1,1,0,5
5,2,24,D4,M,1,3,0,1,0,4,2,5
5,2,40,D4,M,0,2,1,1,4,0,0,4
5,2,1,U1,M,1,1,0,1,2,1,4,5
5,2,17,U1,M,5,1,6,2,1,0,0,1
5,2,33,U1,M,2,4,2,0,0,3,0,5
5,2,6,U2,M,2,1,0,3,2,5,0,2
5,2,22,U2,M,6,0,0,0,2,3,1,3
5,2,38,U2,M,2,1,1,3,6,0,1,1
5,2,15,U3,M,0,4,3,4,0,0,2,3
5,2,31,U3,M,1,2,4,2,3,2,1,1
5,2,47,U3,M,4,2,3,2,0,2,1,0
5,2,3,U4,M,10,1,1,3,1,0,0,0
5,2,19,U4,M,0,1,0,0,2,1,3,8
5,2,35,U4,M,10,1,1,0,1,1,1,1
5,3,12,D1,F,2,2,1,2,5,1,2,1
5,3,28,D1,F,2,1,6,0,0,3,2,2
5,3,44,D1,F,1,2,2,1,2,1,7,0
5,3,5,D2,F,1,1,0,3,6,3,1,0
5,3,21,D2,F,2,2,1,5,3,0,3,0
5,3,37,D2,F,0,2,1,2,1,2,3,5
5,3,16,D3,F,3,0,0,4,4,0,1,4
5,3,32,D3,F,2,4,1,3,0,5,1,0
5,3,48,D3,F,2,2,1,1,2,0,6,2
5,3,13,D4,F,1,2,4,1,3,3,0,2
5,3,29,D4,F,1,0,2,4,5,1,2,1
5,3,45,D4,F,4,2,1,1,2,1,0,4
5,3,15,U1,F,2,3,1,2,1,1,1,4
5,3,31,U1,F,0,4,0,3,1,2,0,6
5,3,47,U1,F,5,1,1,2,0,2,3,1
5,3,8,U2,F,6,3,0,0,0,1,6,0
5,3,24,U2,F,2,3,3,4,0,0,3,1
5,3,40,U2,F,0,3,2,3,0,0,4,4
5,3,1,U3,F,1,2,1,0,5,5,0,1
5,3,17,U3,F,2,0,3,1,2,3,4,1
5,3,33,U3,F,2,1,3,5,2,1,2,0
5,3,6,U4,F,0,3,1,0,0,2,5,5
5,3,22,U4,F,2,4,3,1,3,3,0,0
5,3,38,U4,F,1,4,1,1,2,1,0,6
5,3,2,D1,M,0,0,0,3,4,2,7,0
5,3,18,D1,M,1,1,3,4,1,1,2,3
5,3,34,D1,M,0,1,0,1,1,1,6,5
5,3,11,D2,M,7,4,0,1,1,0,3,0
5,3,27,D2,M,5,0,1,4,5,0,1,0
5,3,43,D2,M,2,3,1,0,3,0,3,3
5,3,3,D3,M,0,6,0,4,1,6,0,0
5,3,19,D3,M,9,1,0,2,0,1,1,2
5,3,35,D3,M,0,1,1,1,5,5,0,3
5,3,7,D4,M,1,1,2,1,2,4,4,1
5,3,23,D4,M,5,4,0,2,2,0,1,2
5,3,39,D4,M,5,2,2,0,5,0,0,2
5,3,10,U1,M,1,0,1,0,0,0,5,9
5,3,26,U1,M,3,0,0,1,6,0,3,2
5,3,42,U1,M,1,0,0,0,0,3,3,9
5,3,14,U2,M,6,2,0,1,5,0,2,0
5,3,30,U2,M,0,0,0,0,3,2,8,3
5,3,46,U2,M,3,0,1,4,0,6,0,2
5,3,4,U3,M,4,0,6,2,1,1,1,1
5,3,20,U3,M,0,4,1,0,5,0,6,0
5,3,36,U3,M,4,0,4,0,0,0,6,2
5,3,9,U4,M,0,0,0,0,3,0,0,12
5,3,25,U4,M,0,0,0,7,2,3,0,4
5,3,41,U4,M,4,4,2,2,1,1,1,0
5,4,12,D1,F,3,3,0,1,2,4,0,3
5,4,28,D1,F,1,0,0,9,0,0,3,2
5,4,44,D1,F,2,0,2,1,0,0,1,10
5,4,1,D2,F,2,6,0,1,2,0,1,4
5,4,17,D2,F,0,2,0,1,3,6,1,3
5,4,33,D2,F,1,0,1,3,3,3,4,1
5,4,6,D3,F,4,3,3,4,1,0,1,0
5,4,22,D3,F,6,4,0,2,0,1,0,3
5,4,38,D3,F,2,0,0,2,10,0,1,0
5,4,15,D4,F,0,2,0,1,1,2,6,3
5,4,31,D4,F,0,1,5,2,0,7,1,0
5,4,47,D4,F,0,4,1,3,4,2,2,0
5,4,7,U1,F,1,6,0,1,0,0,0,6
5,4,23,U1,F,0,0,1,1,2,2,0,8
5,4,39,U1,F,5,2,0,0,3,0,3,3
5,4,9,U2,F,2,2,5,2,3,0,1,1
5,4,25,U2,F,7,0,3,0,0,0,2,1
5,4,41,U2,F,0,2,0,5,3,5,1,0
5,4,10,U3,F,1,0,1,3,1,5,2,2
5,4,26,U3,F,2,2,0,0,0,2,8,2
5,4,42,U3,F,1,3,1,1,2,1,4,3
5,4,13,U4,F,0,0,3,5,4,4,0,0
5,4,29,U4,F,4,0,0,2,0,4,3,3
5,4,45,U4,F,2,3,2,3,1,3,0,2
5,4,2,D1,M,0,0,0,0,5,7,4,0
5,4,18,D1,M,5,1,4,1,0,0,1,3
5,4,34,D1,M,0,2,3,7,0,4,0,0
5,4,5,D2,M,0,1,1,0,2,8,1,3
5,4,21,D2,M,1,4,0,2,0,0,0,8
5,4,37,D2,M,0,4,4,1,2,0,0,5
5,4,16,D3,M,0,1,0,5,2,4,3,0
5,4,32,D3,M,4,0,3,1,2,6,0,0
5,4,48,D3,M,1,0,1,6,1,0,7,0
5,4,8,D4,M,0,3,3,0,6,1,3,0
5,4,24,D4,M,1,2,1,2,0,5,1,0
5,4,40,D4,M,0,2,2,1,1,5,0,4
5,4,14,U1,M,4,1,0,2,4,2,1,1
5,4,30,U1,M,0,5,0,3,0,7,0,0
5,4,46,U1,M,1,0,1,6,5,1,1,0
5,4,4,U2,M,0,0,7,3,1,1,0,4
5,4,20,U2,M,0,4,0,0,5,2,3,1
5,4,36,U2,M,3,0,2,3,3,0,3,1
5,4,11,U3,M,2,1,5,1,3,2,0,2
5,4,27,U3,M,1,0,6,2,0,4,1,2
5,4,43,U3,M,5,1,4,0,0,0,1,5
5,4,3,U4,M,0,6,1,0,1,8,0,0
5,4,19,U4,M,2,3,1,4,2,4,0,0
5,4,35,U4,M,0,1,4,0,5,0,4,2
5,5,4,C1,F,0,3,7,4,0,1,1,0
5,5,12,C1,F,0,1,2,2,2,2,4,2
5,5,20,C1,F,0,0,9,0,4,0,3,0
5,5,3,C2,F,0,0,1,5,2,4,2,2
5,5,11,C2,F,2,0,1,7,1,2,0,2
5,5,19,C2,F,1,0,0,0,3,6,3,2
5,5,1,C3,F,1,4,5,0,2,3,1,0
5,5,9,C3,F,6,1,1,1,1,1,5,0
5,5,17,C3,F,1,3,6,2,0,3,0,1
5,5,6,C4,F,0,1,3,1,2,2,2,4
5,5,14,C4,F,0,0,1,2,6,3,0,3
5,5,22,C4,F,1,3,2,3,1,4,0,0
5,5,7,C1,M,4,1,1,1,1,2,3,3
5,5,15,C1,M,2,1,1,4,1,4,2,0
5,5,23,C1,M,3,6,4,1,0,0,1,0
5,5,8,C2,M,1,0,0,0,0,0,6,6
5,5,16,C2,M,0,1,5,5,0,4,1,0
5,5,24,C2,M,0,0,4,2,0,0,8,2
5,5,5,C3,M,0,1,0,5,2,0,5,2
5,5,13,C3,M,0,1,0,5,5,2,1,1
5,5,21,C3,M,2,1,1,1,5,2,1,0
5,5,2,C4,M,7,3,2,1,1,2,0,0
5,5,10,C4,M,0,1,0,2,4,1,2,6
5,5,18,C4,M,1,0,6,4,1,0,1,3
5,6,5,C1,F,4,2,1,1,2,3,0,2
5,6,13,C1,F,0,8,1,0,0,5,2,0
5,6,21,C1,F,0,0,4,4,2,3,2,0
5,6,2,C2,F,1,6,6,0,2,0,0,1
5,6,10,C2,F,0,1,1,2,12,0,0,0
5,6,18,C2,F,3,0,2,1,4,0,0,4
5,6,4,C3,F,0,6,2,2,1,1,4,0
5,6,12,C3,F,2,1,6,1,3,0,0,0
5,6,20,C3,F,4,5,1,1,3,0,1,1
5,6,7,C4,F,9,1,0,1,1,0,0,3
5,6,15,C4,F,5,2,0,0,1,0,0,7
5,6,23,C4,F,1,0,2,1,2,4,2,4
5,6,3,C1,M,0,0,0,5,6,2,0,3
5,6,11,C1,M,6,0,3,0,0,3,0,4
5,6,19,C1,M,0,0,0,4,5,2,0,5
5,6,6,C2,M,8,3,0,0,1,4,0,0
5,6,14,C2,M,1,0,0,6,4,1,3,1
5,6,22,C2,M,2,4,2,0,4,4,0,0
5,6,1,C3,M,0,4,3,2,1,5,0,1
5,6,9,C3,M,3,3,2,1,0,2,1,4
5,6,17,C3,M,1,3,8,1,0,0,1,2
5,6,8,C4,M,0,1,1,1,3,0,4,4
5,6,16,C4,M,1,0,1,5,5,0,0,3
5,6,24,C4,M,8,0,0,0,4,2,0,1
6,1,4,D1,F,0,0,3,1,1,3,8,0
6,1,25,D1,F,2,5,1,1,1,1,0,4
6,1,41,D1,F,5,0,1,6,2,1,0,0
6,1,7,D2,F,2,2,2,0,6,1,2,1
6,1,20,D2,F,2,2,5,0,1,5,1,0
6,1,46,D2,F,0,3,5,2,0,3,1,2
6,1,10,D3,F,0,1,4,6,4,0,1,0
6,1,32,D3,F,0,2,3,3,1,3,3,0
6,1,34,D3,F,1,0,0,3,7,4,1,0
6,1,16,D4,F,2,5,1,1,1,0,4,2
6,1,29,D4,F,2,6,3,0,0,0,0,5
6,1,33,D4,F,0,1,0,3,2,4,5,1
6,1,15,U1,F,2,0,1,0,4,4,5,0
6,1,23,U1,F,2,0,2,1,1,1,2,7
6,1,35,U1,F,1,5,1,0,1,1,0,7
6,1,12,U2,F,4,1,1,0,7,2,1,0
6,1,22,U2,F,7,0,0,0,0,4,0,5
6,1,38,U2,F,5,0,0,1,2,1,4,3
6,1,8,U3,F,3,4,1,0,0,0,2,6
6,1,17,U3,F,3,2,0,1,3,4,1,2
6,1,37,U3,F,0,0,3,0,6,1,0,5
6,1,13,U4,F,0,0,6,0,5,0,5,0
6,1,19,U4,F,3,0,0,5,1,0,1,3
6,1,45,U4,F,5,6,4,0,1,0,0,0
6,1,1,D1,M,1,0,5,1,5,2,2,0
6,1,18,D1,M,1,4,6,0,0,0,1,3
6,1,48,D1,M,0,1,11,0,2,0,2,0
6,1,6,D2,M,3,1,0,6,2,2,2,0
6,1,21,D2,M,0,0,3,1,6,3,2,1
6,1,36,D2,M,2,0,2,2,3,2,0,5
6,1,2,D3,M,0,4,6,2,0,0,4,0
6,1,27,D3,M,1,1,6,1,1,2,4,0
6,1,43,D3,M,4,3,0,1,1,4,1,2
6,1,14,D4,M,3,8,0,0,1,2,1,1
6,1,31,D4,M,4,5,2,0,1,1,2,0
6,1,39,D4,M,1,1,8,0,0,0,4,2
6,1,11,U1,M,4,1,3,1,1,0,1,5
6,1,28,U1,M,3,0,1,6,1,2,3,0
6,1,47,U1,M,1,5,0,2,3,0,5,0
6,1,3,U2,M,1,0,4,3,2,2,4,0
6,1,26,U2,M,1,4,0,3,0,4,0,4
6,1,40,U2,M,1,4,9,2,0,0,0,0
6,1,9,U3,M,1,3,6,1,2,0,0,3
6,1,30,U3,M,0,6,5,1,3,0,0,0
6,1,42,U3,M,3,3,0,1,1,2,2,3
6,1,5,U4,M,6,1,3,0,3,2,1,0
6,1,24,U4,M,1,1,2,0,2,4,5,1
6,1,44,U4,M,5,2,0,0,2,0,6,0
6,2,4,D1,F,1,0,5,3,6,0,0,1
6,2,26,D1,F,2,1,2,1,2,3,3,1
6,2,39,D1,F,0,2,2,3,2,0,3,4
6,2,12,D2,F,4,1,0,3,1,0,5,0
6,2,21,D2,F,0,0,6,4,0,0,3,3
6,2,46,D2,F,1,2,0,3,1,1,5,3
6,2,14,D3,F,1,3,0,1,4,2,1,3
6,2,17,D3,F,4,1,0,1,1,3,0,6
6,2,44,D3,F,1,1,1,1,0,5,5,1
6,2,2,D4,F,0,8,0,1,3,1,2,1
6,2,20,D4,F,0,0,0,2,6,3,3,2
6,2,38,D4,F,0,1,3,0,9,0,2,1
6,2,11,U1,F,0,4,7,4,0,1,0,0
6,2,32,U1,F,2,0,3,1,2,0,5,1
6,2,35,U1,F,3,0,0,3,2,1,5,2
6,2,8,U2,F,0,2,1,0,3,0,10,0
6,2,29,U2,F,4,0,1,2,0,1,4,4
6,2,41,U2,F,1,4,3,1,4,1,2,0
6,2,7,U3,F,2,1,2,2,2,3,1,2
6,2,19,U3,F,2,4,0,2,3,1,0,4
6,2,33,U3,F,5,2,0,2,2,3,0,2
6,2,13,U4,F,0,3,5,3,1,2,2,0
6,2,28,U4,F,1,1,0,2,2,2,1,5
6,2,37,U4,F,2,0,0,8,4,0,0,2
6,2,10,D1,M,0,0,5,3,3,1,4,0
6,2,25,D1,M,2,0,4,0,7,0,1,1
6,2,42,D1,M,2,3,0,1,0,3,1,4
6,2,1,D2,M,0,1,2,2,6,2,1,0
6,2,30,D2,M,1,1,4,6,2,0,1,1
6,2,34,D2,M,0,2,6,0,0,4,4,0
6,2,5,D3,M,4,6,1,2,1,1,0,1
6,2,22,D3,M,0,11,2,0,2,0,0,1
6,2,36,D3,M,2,0,5,2,2,0,1,4
6,2,6,D4,M,0,1,1,2,2,1,2,7
6,2,18,D4,M,4,3,1,1,1,2,2,0
6,2,48,D4,M,3,0,4,3,0,4,0,2
6,2,16,U1,M,5,0,4,2,0,2,1,2
6,2,23,U1,M,2,2,3,4,0,3,0,2
6,2,45,U1,M,2,1,3,0,0,2,2,6
6,2,9,U2,M,0,0,2,4,7,0,0,3
6,2,27,U2,M,3,0,5,1,0,0,0,7
6,2,43,U2,M,1,1,2,1,0,1,2,7
6,2,3,U3,M,6,4,3,2,0,0,0,0
6,2,24,U3,M,4,2,3,1,1,0,4,1
6,2,47,U3,M,2,1,8,0,0,3,0,1
6,2,15,U4,M,1,2,2,0,3,4,0,4
6,2,31,U4,M,1,0,1,0,2,2,1,7
6,2,40,U4,M,1,1,4,0,2,1,2,5
6,3,15,D1,F,2,2,2,2,1,1,3,3
6,3,28,D1,F,1,1,5,5,0,3,0,0
6,3,37,D1,F,1,0,1,2,2,4,1,5
6,3,5,D2,F,0,4,3,3,5,1,0,0
6,3,17,D2,F,7,2,1,1,2,1,0,2
6,3,47,D2,F,1,0,1,2,0,5,3,3
6,3,7,D3,F,3,4,1,0,1,1,0,6
6,3,32,D3,F,0,1,3,1,3,4,2,1
6,3,38,D3,F,2,6,1,0,4,0,1,1
6,3,4,D4,F,0,6,3,1,0,0,1,3
6,3,19,D4,F,3,3,0,1,3,1,1,3
6,3,39,D4,F,1,2,2,3,1,1,2,3
6,3,2,U1,F,5,1,0,0,2,3,1,3
6,3,29,U1,F,1,3,0,1,2,1,4,2
6,3,45,U1,F,4,3,1,2,0,0,3,0
6,3,14,U2,F,2,2,0,1,3,1,5,2
6,3,26,U2,F,1,3,2,2,3,0,0,4
6,3,46,U2,F,1,1,5,2,3,0,1,2
6,3,10,U3,F,0,2,6,2,3,2,1,0
6,3,25,U3,F,2,2,0,2,1,1,3,2
6,3,44,U3,F,5,1,3,2,1,0,2,2
6,3,16,U4,F,0,4,2,1,0,6,1,2
6,3,23,U4,F,1,0,5,5,2,2,0,1
6,3,33,U4,F,0,3,0,4,2,3,1,3
6,3,9,D1,M,1,5,3,1,0,2,2,0
6,3,21,D1,M,1,0,2,5,2,2,2,0
6,3,42,D1,M,1,1,1,2,5,2,0,4
6,3,1,D2,M,1,3,1,0,6,4,0,1
6,3,22,D2,M,1,1,2,1,1,2,0,7
6,3,34,D2,M,1,0,4,0,3,1,6,0
6,3,11,D3,M,0,1,3,4,3,4,1,0
6,3,24,D3,M,3,1,0,1,3,0,1,6
6,3,35,D3,M,3,0,2,0,5,2,0,4
6,3,12,D4,M,2,0,0,0,1,7,0,6
6,3,31,D4,M,1,3,5,0,3,1,2,0
6,3,43,D4,M,2,0,0,0,2,2,1,9
6,3,3,U1,M,2,1,4,2,2,1,0,4
6,3,27,U1,M,3,3,0,0,3,5,1,1
6,3,48,U1,M,4,1,0,4,0,3,2,1
6,3,13,U2,M,1,3,4,2,3,1,1,1
6,3,30,U2,M,4,10,0,0,1,0,1,0
6,3,40,U2,M,7,0,2,2,1,0,1,3
6,3,8,U3,M,3,2,3,0,4,2,0,0
6,3,20,U3,M,2,3,0,5,2,3,0,1
6,3,41,U3,M,0,0,2,2,3,4,2,2
6,3,6,U4,M,0,8,4,1,1,0,0,1
6,3,18,U4,M,2,0,0,8,2,3,1,0
6,3,36,U4,M,2,0,0,5,3,0,1,5
6,4,15,D1,F,3,1,3,2,0,2,1,3
6,4,27,D1,F,6,3,1,2,0,2,1,0
6,4,43,D1,F,3,2,0,1,2,2,1,3
6,4,6,D2,F,4,1,2,2,0,0,0,6
6,4,26,D2,F,3,1,1,1,2,5,1,1
6,4,40,D2,F,0,2,0,4,4,0,4,2
6,4,14,D3,F,0,4,1,1,2,3,4,1
6,4,18,D3,F,2,1,0,2,6,3,1,1
6,4,46,D3,F,1,3,1,4,3,0,2,2
6,4,10,D4,F,3,2,2,2,3,0,0,3
6,4,30,D4,F,3,0,3,4,1,0,2,3
6,4,35,D4,F,1,0,3,3,1,0,4,4
6,4,2,U1,F,2,8,1,0,1,0,2,1
6,4,17,U1,F,0,0,5,2,2,3,2,1
6,4,33,U1,F,3,0,2,3,1,6,0,1
6,4,5,U2,F,1,0,4,0,1,3,2,5
6,4,24,U2,F,3,1,0,5,2,0,1,4
6,4,41,U2,F,0,2,0,0,4,3,0,6
6,4,11,U3,F,1,1,2,1,0,2,1,8
6,4,21,U3,F,1,1,0,3,7,4,0,0
6,4,37,U3,F,0,5,0,1,3,0,1,5
6,4,4,U4,F,2,1,4,3,4,2,0,0
6,4,23,U4,F,2,6,0,1,1,1,2,3
6,4,47,U4,F,0,1,2,3,2,1,2,4
6,4,9,D1,M,4,0,5,0,0,3,4,0
6,4,22,D1,M,3,4,2,1,3,0,2,1
6,4,48,D1,M,0,5,2,3,1,3,1,1
6,4,12,D2,M,0,1,0,5,3,4,3,0
6,4,20,D2,M,1,1,2,3,5,0,1,0
6,4,34,D2,M,1,2,4,0,0,4,4,0
6,4,1,D3,M,3,1,1,0,1,0,5,5
6,4,29,D3,M,1,0,1,4,7,0,0,1
6,4,39,D3,M,7,0,1,0,0,0,1,6
6,4,7,D4,M,0,3,6,4,1,2,0,0
6,4,32,D4,M,0,0,2,4,5,4,0,1
6,4,36,D4,M,3,0,4,1,1,0,1,5
6,4,13,U1,M,5,1,0,2,2,2,1,3
6,4,19,U1,M,3,0,0,2,3,1,1,6
6,4,45,U1,M,2,2,3,0,5,1,0,3
6,4,16,U2,M,1,0,0,1,5,3,5,0
6,4,25,U2,M,2,2,7,0,1,1,2,1
6,4,42,U2,M,5,2,0,1,2,0,0,5
6,4,3,U3,M,1,1,1,2,5,1,5,0
6,4,31,U3,M,3,1,5,0,6,0,0,1
6,4,44,U3,M,0,8,0,1,2,0,5,0
6,4,8,U4,M,4,0,6,2,0,0,0,4
6,4,28,U4,M,3,4,3,0,0,1,5,0
6,4,38,U4,M,5,0,0,0,5,1,2,3
7,1,7,D1,F,0,2,0,6,1,1,4,2
7,1,30,D1,F,5,5,1,2,0,0,0,2
7,1,38,D1,F,3,2,2,2,2,2,1,2
7,1,6,D2,F,1,0,1,0,1,6,6,1
7,1,32,D2,F,2,0,3,2,1,5,2,1
7,1,47,D2,F,4,1,0,4,1,0,2,3
7,1,10,D3,F,1,5,2,0,1,4,1,2
7,1,17,D3,F,2,1,4,4,0,4,1,0
7,1,41,D3,F,2,2,3,1,3,3,1,1
7,1,9,D4,F,1,1,3,0,1,0,3,1
7,1,19,D4,F,2,0,0,2,3,3,3,3
7,1,37,D4,F,0,1,3,4,2,1,1,3
7,1,4,U1,F,2,0,2,1,4,1,3,1
7,1,22,U1,F,4,0,2,2,0,3,1,4
7,1,40,U1,F,2,0,1,3,2,4,1,3
7,1,11,U2,F,2,1,1,3,1,2,0,3
7,1,24,U2,F,3,3,2,0,0,2,1,4
7,1,39,U2,F,1,3,3,0,3,0,3,2
7,1,14,U3,F,1,1,0,2,3,2,1,5
7,1,20,U3,F,0,0,3,3,4,0,2,3
7,1,43,U3,F,3,4,3,1,1,2,1,0
7,1,13,U4,F,3,2,2,4,3,2,0,0
7,1,26,U4,F,4,3,1,2,0,2,2,0
7,1,35,U4,F,1,3,3,3,2,0,2,2
7,1,16,D1,M,1,3,2,0,2,1,5,1
7,1,29,D1,M,1,2,3,0,1,2,3,0
7,1,42,D1,M,3,3,0,1,0,1,1,6
7,1,3,D2,M,0,2,4,1,0,3,2,3
7,1,28,D2,M,1,1,3,1,1,0,0,8
7,1,36,D2,M,1,0,3,4,3,0,1,3
7,1,12,D3,M,1,4,0,0,3,4,1,3
7,1,25,D3,M,6,6,0,0,1,1,1,1
7,1,46,D3,M,2,2,0,0,3,4,1,4
7,1,8,D4,M,1,0,1,0,7,3,0,4
7,1,21,D4,M,1,0,3,2,0,4,2,2
7,1,44,D4,M,3,1,5,1,1,3,0,1
7,1,15,U1,M,1,2,2,4,2,0,2,3
7,1,27,U1,M,1,0,9,2,0,1,2,1
7,1,48,U1,M,1,2,5,6,0,1,0,0
7,1,2,U2,M,0,0,1,7,5,1,1,1
7,1,18,U2,M,0,0,3,0,2,7,1,3
7,1,45,U2,M,1,1,5,1,2,2,2,2
7,1,5,U3,M,1,4,2,0,3,4,1,0
7,1,23,U3,M,3,0,4,1,1,0,4,3
7,1,33,U3,M,1,3,1,4,3,2,1,1
7,1,1,U4,M,2,5,4,1,1,1,1,1
7,1,31,U4,M,2,1,3,4,3,0,2,0
7,1,34,U4,M,3,0,0,0,2,2,3,5
7,2,11,D1,F,1,1,4,4,1,3,0,2
7,2,23,D1,F,1,7,3,1,0,2,1,1
7,2,33,D1,F,2,2,1,0,3,1,0,7
7,2,10,D2,F,2,6,3,4,0,0,0,0
7,2,26,D2,F,2,2,3,0,1,0,3,4
7,2,43,D2,F,5,0,0,1,0,1,3,6
7,2,5,D3,F,9,0,1,0,2,1,3,0
7,2,29,D3,F,2,0,1,1,1,0,3,5
7,2,48,D3,F,5,2,2,2,1,1,1,1
7,2,16,D4,F,1,1,1,1,3,3,3,3
7,2,24,D4,F,0,9,3,2,0,1,0,1
7,2,37,D4,F,1,2,2,6,1,0,2,2
7,2,13,U1,F,1,3,0,8,0,4,0,0
7,2,31,U1,F,2,1,4,3,0,1,1,3
7,2,34,U1,F,1,3,5,4,0,3,0,0
7,2,8,U2,F,7,5,1,0,1,0,2,0
7,2,21,U2,F,0,0,1,0,0,3,4,8
7,2,40,U2,F,2,4,1,4,1,0,1,2
7,2,15,U3,F,0,0,3,1,5,5,0,2
7,2,17,U3,F,2,1,0,4,1,3,1,4
7,2,44,U3,F,1,0,0,1,1,5,3,4
7,2,3,U4,F,5,2,0,2,1,3,2,1
7,2,32,U4,F,0,0,3,6,3,4,0,0
7,2,35,U4,F,5,2,0,1,1,4,3,0
7,2,1,D1,M,4,8,2,1,0,0,1,0
7,2,25,D1,M,3,0,0,0,1,2,0,10
7,2,41,D1,M,2,3,4,1,2,3,0,1
7,2,4,D2,M,8,0,3,2,1,0,1,1
7,2,18,D2,M,3,1,6,0,4,1,0,0
7,2,38,D2,M,1,0,4,7,1,1,1,1
7,2,2,D3,M,0,0,9,0,0,2,3,2
7,2,19,D3,M,2,1,0,3,1,1,5,3
7,2,36,D3,M,4,2,4,1,2,0,1,0
7,2,9,D4,M,5,3,2,0,1,0,1,3
7,2,22,D4,M,8,0,0,1,4,2,0,1
7,2,39,D4,M,1,0,3,5,5,0,0,2
7,2,6,U1,M,0,1,0,0,4,3,0,8
7,2,30,U1,M,3,2,4,2,0,0,1,4
7,2,47,U1,M,0,0,4,6,0,1,1,3
7,2,12,U2,M,0,1,0,3,2,2,2,6
7,2,27,U2,M,4,6,1,1,4,0,0,0
7,2,42,U2,M,4,1,3,1,0,2,0,5
7,2,14,U3,M,4,5,0,5,0,0,2,0
7,2,28,U3,M,2,1,2,2,2,1,1,4
7,2,46,U3,M,0,6,0,2,5,2,1,0
7,2,7,U4,M,0,0,0,5,5,3,2,0
7,2,20,U4,M,0,1,1,0,4,1,6,2
7,2,45,U4,M,4,0,7,3,0,0,0,2
7,3,6,D1,F,0,3,1,4,3,1,1,1
7,3,29,D1,F,4,4,3,0,1,0,2,0
7,3,45,D1,F,2,2,2,2,0,2,1,1
7,3,3,D2,F,2,1,3,0,5,3,2,0
7,3,31,D2,F,1,2,0,2,1,3,3,4
7,3,44,D2,F,2,1,1,0,0,7,0,4
7,3,11,D3,F,0,1,3,2,0,3,0,7
7,3,32,D3,F,1,1,3,2,5,1,2,0
7,3,43,D3,F,3,6,2,1,1,3,0,0
7,3,12,D4,F,0,0,2,5,3,1,0,4
7,3,20,D4,F,0,8,3,1,1,2,1,0
7,3,42,D4,F,0,5,1,2,0,4,1,3
7,3,9,U1,F,2,1,2,4,1,1,0,1
7,3,22,U1,F,8,1,1,0,2,2,2,0
7,3,33,U1,F,1,1,2,2,4,4,0,1
7,3,2,U2,F,1,0,5,0,2,3,2,3
7,3,17,U2,F,0,2,1,4,4,1,3,1
7,3,39,U2,F,2,3,3,2,4,1,1,0
7,3,14,U3,F,1,2,3,3,1,2,1,3
7,3,21,U3,F,1,2,2,6,1,2,2,0
7,3,41,U3,F,4,0,2,4,2,2,1,1
7,3,4,U4,F,10,0,1,1,0,0,1,3
7,3,23,U4,F,3,4,1,0,0,0,7,1
7,3,38,U4,F,6,4,1,1,4,0,0,0
7,3,16,D1,M,0,0,0,4,1,0,7,4
7,3,26,D1,M,1,1,6,0,1,1,1,5
7,3,40,D1,M,3,2,2,3,3,0,3,0
7,3,5,D2,M,1,1,5,0,5,2,0,2
7,3,27,D2,M,5,3,1,1,0,0,3,3
7,3,35,D2,M,2,2,2,5,0,1,0,4
7,3,13,D3,M,2,3,0,5,2,0,0,4
7,3,19,D3,M,3,2,2,1,4,0,3,0
7,3,47,D3,M,0,1,3,5,2,3,0,2
7,3,15,D4,M,0,1,2,2,4,3,1,0
7,3,18,D4,M,2,2,0,4,3,2,1,2
7,3,37,D4,M,4,2,3,0,1,1,1,4
7,3,8,U1,M,4,1,2,0,0,0,6,2
7,3,30,U1,M,3,1,2,3,3,1,1,2
7,3,46,U1,M,2,0,2,2,3,1,4,2
7,3,1,U2,M,0,1,1,2,0,8,3,0
7,3,24,U2,M,4,6,4,0,0,2,0,0
7,3,34,U2,M,3,1,1,0,2,1,5,3
7,3,10,U3,M,0,1,0,0,3,6,5,1
7,3,25,U3,M,0,2,8,1,4,1,0,0
7,3,36,U3,M,6,2,1,4,3,0,0,0
7,3,7,U4,M,4,4,0,1,1,2,1,3
7,3,28,U4,M,5,2,3,0,1,2,0,3
7,3,48,U4,M,7,0,2,1,1,1,0,2
7,4,16,D1,F,1,0,0,2,1,5,5,2
7,4,26,D1,F,2,0,3,0,0,0,0,11
7,4,47,D1,F,0,4,1,3,3,1,1,3
7,4,9,D2,F,1,3,0,3,2,2,1,2
7,4,20,D2,F,0,0,2,9,3,1,1,0
7,4,41,D2,F,1,4,3,5,3,0,0,0
7,4,12,D3,F,0,4,0,3,4,1,0,3
7,4,17,D3,F,0,1,1,4,2,4,4,0
7,4,34,D3,F,0,2,3,3,0,7,1,0
7,4,1,D4,F,2,0,0,9,4,1,0,0
7,4,31,D4,F,2,0,3,3,3,1,0,2
7,4,33,D4,F,1,1,1,3,6,4,0,0
7,4,11,U1,F,3,4,1,1,1,0,0,6
7,4,28,U1,F,5,3,2,0,0,1,0,4
7,4,35,U1,F,2,0,1,1,2,3,5,2
7,4,2,U2,F,5,0,2,5,1,0,1,2
7,4,25,U2,F,2,1,2,1,0,3,4,2
7,4,44,U2,F,2,2,2,1,0,3,3,3
7,4,3,U3,F,3,3,3,1,1,1,1,2
7,4,29,U3,F,5,1,0,3,0,3,1,3
7,4,36,U3,F,2,1,5,2,2,1,0,3
7,4,13,U4,F,1,1,1,2,7,4,0,0
7,4,21,U4,F,1,0,2,0,5,7,1,0
7,4,40,U4,F,4,0,1,4,7,0,0,0
7,4,6,D1,M,0,0,6,1,0,0,8,0
7,4,18,D1,M,5,1,0,0,0,0,3,7
7,4,48,D1,M,2,3,1,1,2,6,0,1
7,4,15,D2,M,4,1,2,0,2,1,1,3
7,4,24,D2,M,3,5,2,0,3,0,1,2
7,4,39,D2,M,0,1,4,4,1,0,5,1
7,4,7,D3,M,1,3,4,0,1,2,3,2
7,4,19,D3,M,4,4,0,1,1,1,4,0
7,4,45,D3,M,2,1,3,1,0,0,7,1
7,4,4,D4,M,0,0,0,1,2,3,3,6
7,4,32,D4,M,1,2,1,4,2,4,0,2
7,4,46,D4,M,0,2,3,3,2,2,0,2
7,4,10,U1,M,6,5,3,1,0,0,0,0
7,4,22,U1,M,3,3,1,2,4,0,3,0
7,4,38,U1,M,4,0,4,6,1,0,0,1
7,4,8,U2,M,1,4,2,2,3,0,4,0
7,4,23,U2,M,2,0,3,2,0,0,2,7
7,4,37,U2,M,4,1,4,3,2,0,0,2
7,4,14,U3,M,0,1,0,9,1,1,1,1
7,4,27,U3,M,2,1,0,5,0,0,3,5
7,4,42,U3,M,1,2,1,0,2,2,2,1
7,4,5,U4,M,2,1,1,3,5,4,0,0
7,4,30,U4,M,4,2,2,3,1,1,1,0
7,4,43,U4,M,1,0,1,2,2,4,0,5
8,1,10,D1,F,1,3,6,0,2,1,1,1
8,1,25,D1,F,1,2,4,0,1,0,2,5
8,1,36,D1,F,5,2,1,2,0,0,0,6
8,1,8,D2,F,0,2,5,6,1,1,1,0
8,1,24,D2,F,0,2,1,0,1,3,3,5
8,1,37,D2,F,0,0,2,2,0,2,8,2
8,1,6,D3,F,0,0,2,1,6,5,0,2
8,1,31,D3,F,3,2,1,4,2,0,4,0
8,1,42,D3,F,2,5,1,1,3,1,2,1
8,1,13,D4,F,1,0,3,6,3,0,2,0
8,1,30,D4,F,5,4,0,6,0,1,0,0
8,1,46,D4,F,2,3,1,2,1,0,0,3
8,1,1,U1,F,0,0,4,2,4,4,0,1
8,1,22,U1,F,0,0,2,5,1,2,6,0
8,1,40,U1,F,1,1,2,4,4,2,2,0
8,1,16,U2,F,1,4,0,4,1,4,0,2
8,1,28,U2,F,1,0,0,2,2,2,8,1
8,1,48,U2,F,2,1,5,2,3,1,2,0
8,1,9,U3,F,0,2,0,2,1,3,1,6
8,1,20,U3,F,3,1,3,1,3,1,0,3
8,1,38,U3,F,2,1,2,2,1,0,0,8
8,1,15,U4,F,1,3,0,2,0,0,3,7
8,1,17,U4,F,8,4,0,0,0,1,0,3
8,1,41,U4,F,2,0,1,5,1,0,4,3
8,1,5,D1,M,3,0,0,2,4,5,0,2
8,1,21,D1,M,0,3,1,1,7,0,4,0
8,1,33,D1,M,0,1,2,2,5,5,0,0
8,1,4,D2,M,0,0,1,3,1,8,2,1
8,1,19,D2,M,1,0,4,3,2,2,1,3
8,1,47,D2,M,2,2,2,4,6,0,0,0
8,1,14,D3,M,4,1,2,3,6,0,0,0
8,1,32,D3,M,0,0,4,4,0,3,1,4
8,1,39,D3,M,5,0,0,2,4,0,4,0
8,1,11,D4,M,0,1,2,2,0,5,0,2
8,1,18,D4,M,6,0,0,0,0,2,7,0
8,1,45,D4,M,2,3,4,1,2,0,1,0
8,1,2,U1,M,1,1,9,1,0,2,2,0
8,1,27,U1,M,0,1,7,2,4,2,0,0
8,1,43,U1,M,2,0,0,0,1,7,2,2
8,1,12,U2,M,6,1,2,0,1,0,1,5
8,1,29,U2,M,2,3,1,0,0,5,3,2
8,1,44,U2,M,1,3,1,0,3,4,4,0
8,1,3,U3,M,0,1,3,3,0,0,9,0
8,1,26,U3,M,3,6,1,0,1,2,2,1
8,1,34,U3,M,0,1,0,1,1,6,5,1
8,1,7,U4,M,2,0,1,5,4,1,2,0
8,1,23,U4,M,3,0,3,0,3,3,0,4
8,1,35,U4,M,0,1,6,0,1,1,5,2
8,2,5,D1,F,4,4,1,2,1,2,2,0
8,2,32,D1,F,2,2,0,4,0,1,5,0
8,2,43,D1,F,5,2,0,1,0,2,0,6
8,2,11,D2,F,3,0,6,0,3,1,0,3
8,2,26,D2,F,3,4,0,0,1,2,2,4
8,2,40,D2,F,0,1,1,3,4,7,0,0
8,2,14,D3,F,1,4,4,0,1,3,0,1
8,2,25,D3,F,4,1,1,1,0,3,0,3
8,2,41,D3,F,1,4,4,3,3,0,1,0
8,2,1,D4,F,1,1,3,0,4,4,3,0
8,2,17,D4,F,1,3,0,1,2,6,2,1
8,2,35,D4,F,2,0,1,1,0,3,2,4
8,2,16,U1,F,4,2,0,0,1,0,5,4
8,2,31,U1,F,0,0,0,3,7,6,0,0
8,2,37,U1,F,1,1,0,1,3,2,3,5
8,2,13,U2,F,0,3,3,2,4,2,1,1
8,2,18,U2,F,1,2,5,0,1,0,4,3
8,2,38,U2,F,0,1,0,2,3,2,4,4
8,2,10,U3,F,2,0,4,0,1,5,3,0
8,2,27,U3,F,1,0,1,2,2,0,5,4
8,2,34,U3,F,0,1,1,4,0,5,0,5
8,2,7,U4,F,0,4,2,2,3,5,0,0
8,2,22,U4,F,2,1,0,0,3,3,2,4
8,2,46,U4,F,2,1,12,1,0,0,0,0
8,2,12,D1,M,3,2,1,1,2,1,2,4
8,2,24,D1,M,3,3,1,1,0,2,4,1
8,2,45,D1,M,6,2,4,3,0,0,0,1
8,2,6,D2,M,3,1,0,0,3,0,3,6
8,2,30,D2,M,2,1,2,1,2,2,5,0
8,2,39,D2,M,3,1,0,4,1,4,0,2
8,2,8,D3,M,2,1,4,4,2,0,1,1
8,2,19,D3,M,3,3,1,1,3,1,4,0
8,2,44,D3,M,0,5,0,3,2,3,3,0
8,2,9,D4,M,1,0,4,4,4,0,3,0
8,2,20,D4,M,3,1,1,3,3,1,2,0
8,2,47,D4,M,2,5,3,1,1,1,3,0
8,2,15,U1,M,1,1,0,1,1,4,1,7
8,2,21,U1,M,0,6,1,3,0,0,6,0
8,2,33,U1,M,3,0,0,0,0,2,6,4
8,2,2,U2,M,0,0,2,0,4,5,5,0
8,2,23,U2,M,9,2,0,0,0,1,3,0
8,2,42,U2,M,7,0,0,2,0,0,0,7
8,2,3,U3,M,0,1,0,0,3,4,6,2
8,2,28,U3,M,1,3,0,1,6,1,2,0
8,2,36,U3,M,6,2,2,1,0,1,2,2
8,2,4,U4,M,0,0,0,0,5,1,7,3
8,2,29,U4,M,2,1,1,5,0,2,1,4
8,2,48,U4,M,2,4,3,4,1,0,1,1
8,3,8,D1,F,2,1,3,1,7,1,0,1
8,3,29,D1,F,5,0,0,1,4,1,1,4
8,3,40,D1,F,6,0,5,0,2,1,2,0
8,3,4,D2,F,3,1,2,0,3,2,5,0
8,3,26,D2,F,1,0,3,5,2,3,0,2
8,3,48,D2,F,5,2,3,2,1,1,0,2
8,3,13,D3,F,1,0,6,2,0,6,1,0
8,3,21,D3,F,3,1,1,4,1,3,2,1
8,3,34,D3,F,1,1,4,5,1,1,2,1
8,3,16,D4,F,2,0,2,0,2,7,1,2
8,3,19,D4,F,4,0,2,2,3,1,0,4
8,3,41,D4,F,2,2,2,0,1,4,0,4
8,3,15,U1,F,0,1,1,4,2,1,4,1
8,3,30,U1,F,0,1,3,3,1,1,5,2
8,3,44,U1,F,0,2,2,2,0,6,4,0
8,3,6,U2,F,1,0,1,5,4,5,0,0
8,3,28,U2,F,4,2,0,1,0,1,7,1
8,3,38,U2,F,2,1,0,3,0,0,5,4
8,3,10,U3,F,0,0,3,0,1,3,5,4
8,3,23,U3,F,6,4,0,0,1,0,3,0
8,3,46,U3,F,2,2,2,1,4,2,1,2
8,3,12,U4,F,2,2,0,4,3,1,1,2
8,3,17,U4,F,3,7,1,1,0,0,0,3
8,3,33,U4,F,0,2,1,4,1,7,1,0
8,3,1,D1,M,0,5,0,0,2,1,4,3
8,3,31,D1,M,0,5,4,0,3,3,0,0
8,3,47,D1,M,1,2,4,0,1,0,6,2
8,3,11,D2,M,0,5,0,6,2,1,0,0
8,3,32,D2,M,2,1,6,0,2,1,4,0
8,3,45,D2,M,3,2,0,4,3,2,1,1
8,3,3,D3,M,1,0,0,4,5,5,0,1
8,3,18,D3,M,0,2,3,2,1,2,2,4
8,3,37,D3,M,0,1,1,0,8,2,1,2
8,3,14,D4,M,1,4,1,4,1,2,0,2
8,3,24,D4,M,0,3,5,1,5,1,0,0
8,3,42,D4,M,8,3,0,0,0,1,1,3
8,3,5,U1,M,0,2,2,3,1,0,1,4
8,3,27,U1,M,2,1,5,2,0,1,4,1
8,3,36,U1,M,3,4,2,1,3,0,1,0
8,3,2,U2,M,0,1,1,1,3,3,7,0
8,3,25,U2,M,1,7,3,0,0,1,3,1
8,3,43,U2,M,1,5,4,1,3,0,0,1
8,3,9,U3,M,4,2,3,0,3,2,1,1
8,3,22,U3,M,0,0,0,0,0,10,6,0
8,3,35,U3,M,4,0,3,6,0,0,2,1
8,3,7,U4,M,6,0,6,3,1,0,0,0
8,3,20,U4,M,0,1,1,1,6,0,4,3
8,3,39,U4,M,0,6,0,1,1,0,8,0
8,4,7,D1,F,1,0,4,2,3,2,2,2
8,4,17,D1,F,0,2,3,1,4,3,1,2
8,4,48,D1,F,1,5,2,1,2,2,0,2
8,4,4,D2,F,1,4,6,3,0,2,0,0
8,4,19,D2,F,0,0,1,3,2,4,4,2
8,4,33,D2,F,1,0,2,3,2,3,3,1
8,4,12,D3,F,2,6,2,3,0,0,3,0
8,4,29,D3,F,2,0,7,0,2,2,3,0
8,4,37,D3,F,3,3,1,2,1,0,2,4
8,4,16,D4,F,3,1,3,2,0,5,1,1
8,4,25,D4,F,4,4,0,3,0,1,1,3
8,4,42,D4,F,3,3,1,3,0,1,0,5
8,4,11,U1,F,0,4,3,2,0,0,3,4
8,4,21,U1,F,1,0,6,2,3,1,1,1
8,4,38,U1,F,6,0,3,2,1,2,0,1
8,4,10,U2,F,0,3,5,2,1,1,2,2
8,4,31,U2,F,1,1,1,5,0,2,4,0
8,4,36,U2,F,3,2,1,1,1,0,5,3
8,4,8,U3,F,3,0,2,2,1,2,0,6
8,4,23,U3,F,1,1,2,1,1,3,0,4
8,4,34,U3,F,0,2,0,2,3,5,0,4
8,4,13,U4,F,1,1,2,2,3,0,0,6
8,4,28,U4,F,3,1,4,1,1,1,5,0
8,4,45,U4,F,3,0,3,0,2,1,0,7
8,4,2,D1,M,2,0,0,3,0,4,7,0
8,4,26,D1,M,5,1,3,0,4,1,2,0
8,4,43,D1,M,3,0,2,3,0,1,0,6
8,4,9,D2,M,2,5,0,2,2,3,0,0
8,4,18,D2,M,0,2,1,3,3,3,1,3
8,4,44,D2,M,0,0,8,2,0,5,0,1
8,4,6,D3,M,4,0,1,3,0,0,0,8
8,4,24,D3,M,4,0,4,0,0,3,1,4
8,4,35,D3,M,1,4,1,5,3,1,1,0
8,4,14,D4,M,3,1,1,1,3,1,3,3
8,4,27,D4,M,6,3,1,1,1,0,0,3
8,4,39,D4,M,3,5,2,1,3,1,0,1
8,4,5,U1,M,2,1,2,7,0,0,4,0
8,4,22,U1,M,1,1,1,0,5,6,2,0
8,4,41,U1,M,0,4,2,1,4,5,0,0
8,4,1,U2,M,4,0,0,1,0,5,3,3
8,4,20,U2,M,1,0,2,4,3,0,3,3
8,4,46,U2,M,0,3,10,1,1,0,1,0
8,4,3,U3,M,0,5,3,4,1,3,0,0
8,4,32,U3,M,7,0,0,1,3,0,5,0
8,4,47,U3,M,0,3,2,2,7,0,1,1
8,4,15,U4,M,0,3,0,1,0,2,8,1
8,4,30,U4,M,2,4,0,0,2,0,2,5
8,4,40,U4,M,0,4,4,0,0,1,1,6
9,1,15,D1,F,4,1,1,0,1,8,0,0
9,1,30,D1,F,1,3,1,3,2,1,0,4
9,1,43,D1,F,1,5,0,0,0,1,0,9
9,1,4,D2,F,0,0,2,3,3,0,4,4
9,1,28,D2,F,0,0,5,3,4,0,4,0
9,1,36,D2,F,1,0,0,2,2,3,2,6
9,1,9,D3,F,2,0,3,0,1,2,2,6
9,1,20,D3,F,1,0,3,3,6,3,0,0
9,1,44,D3,F,4,0,0,3,0,6,0,2
9,1,7,D4,F,1,4,4,1,0,1,2,3
9,1,25,D4,F,2,2,2,1,1,2,2,3
9,1,40,D4,F,2,1,0,0,5,3,2,2
9,1,11,U1,F,5,3,0,3,4,0,1,0
9,1,17,U1,F,3,1,1,0,2,0,5,1
9,1,46,U1,F,0,0,8,5,2,1,0,0
9,1,2,U2,F,0,4,3,0,4,0,2,3
9,1,26,U2,F,1,3,2,2,3,0,4,1
9,1,42,U2,F,5,4,1,1,0,0,2,3
9,1,13,U3,F,1,0,1,0,7,6,0,1
9,1,24,U3,F,0,1,1,0,0,7,5,2
9,1,34,U3,F,0,0,7,3,2,2,1,1
9,1,10,U4,F,1,3,5,3,2,1,0,1
9,1,18,U4,F,0,3,1,3,1,2,4,0
9,1,33,U4,F,0,0,1,0,5,6,2,2
9,1,14,D1,M,6,0,1,1,1,0,4,3
9,1,19,D1,M,0,3,3,1,0,2,4,2
9,1,38,D1,M,2,0,3,2,7,0,1,1
9,1,16,D2,M,2,0,1,4,1,1,5,2
9,1,27,D2,M,3,4,0,2,2,3,0,2
9,1,35,D2,M,1,6,1,3,2,1,2,0
9,1,12,D3,M,0,2,1,2,4,1,4,2
9,1,22,D3,M,5,3,0,2,1,4,0,1
9,1,37,D3,M,1,1,2,2,1,0,1,8
9,1,5,D4,M,2,0,0,3,6,1,2,1
9,1,31,D4,M,0,1,2,1,5,2,2,3
9,1,48,D4,M,2,2,7,1,0,1,0,3
9,1,3,U1,M,1,0,6,3,2,2,1,1
9,1,32,U1,M,3,0,1,0,5,0,0,6
9,1,45,U1,M,4,4,1,1,0,1,1,4
9,1,6,U2,M,2,2,3,4,2,3,0,0
9,1,29,U2,M,5,0,1,0,0,0,5,5
9,1,39,U2,M,0,4,2,0,1,0,6,3
9,1,8,U3,M,1,5,1,0,2,3,2,2
9,1,21,U3,M,6,5,0,3,1,1,0,0
9,1,41,U3,M,6,2,1,1,2,3,1,0
9,1,1,U4,M,0,9,2,4,1,0,0,0
9,1,23,U4,M,1,5,2,1,3,0,1,2
9,1,47,U4,M,6,4,0,3,2,0,1,0
9,2,2,D1,F,0,3,0,1,5,5,1,1
9,2,31,D1,F,5,4,0,3,2,0,1,0
9,2,39,D1,F,1,1,4,0,5,1,0,4
9,2,3,D2,F,0,1,2,2,0,6,1,4
9,2,29,D2,F,0,1,1,4,1,0,0,7
9,2,47,D2,F,3,1,2,4,1,3,0,1
9,2,8,D3,F,2,2,4,2,0,0,2,4
9,2,26,D3,F,5,4,0,0,0,0,5,2
9,2,41,D3,F,4,5,0,1,3,1,2,0
9,2,12,D4,F,2,1,0,2,3,4,2,2
9,2,24,D4,F,2,4,1,1,2,0,2,1
9,2,37,D4,F,0,3,2,2,1,1,0,7
9,2,13,U1,F,0,1,0,6,2,5,0,2
9,2,22,U1,F,0,2,1,1,1,0,8,2
9,2,35,U1,F,3,0,2,2,0,2,1,6
9,2,14,U2,F,3,1,2,2,0,3,3,2
9,2,19,U2,F,1,0,1,0,2,4,0,8
9,2,40,U2,F,3,1,0,6,3,0,0,3
9,2,7,U3,F,4,3,1,0,3,3,0,2
9,2,17,U3,F,2,6,1,0,2,3,1,1
9,2,48,U3,F,1,3,7,2,2,0,1,0
9,2,15,U4,F,3,4,0,4,3,0,1,1
9,2,23,U4,F,3,2,3,2,0,0,4,2
9,2,38,U4,F,1,1,1,3,5,1,1,3
9,2,16,D1,M,2,0,3,1,3,1,2,4
9,2,25,D1,M,3,1,0,4,0,0,8,0
9,2,43,D1,M,5,0,0,0,0,0,9,1
9,2,10,D2,M,0,4,4,2,0,3,1,1
9,2,18,D2,M,0,0,1,1,5,1,4,4
9,2,44,D2,M,0,1,0,9,3,1,1,1
9,2,5,D3,M,4,1,1,1,3,3,3,0
9,2,27,D3,M,1,0,0,0,0,4,1,10
9,2,34,D3,M,0,5,0,4,2,0,0,5
9,2,4,D4,M,1,2,0,1,2,3,4,3
9,2,21,D4,M,3,3,4,0,0,1,2,2
9,2,42,D4,M,1,0,0,0,2,8,3,2
9,2,6,U1,M,7,0,1,1,1,2,3,1
9,2,28,U1,M,1,0,10,1,0,0,0,4
9,2,33,U1,M,0,0,0,6,2,5,2,0
9,2,1,U2,M,0,2,3,3,4,0,2,2
9,2,32,U2,M,0,2,0,0,0,7,2,4
9,2,45,U2,M,0,1,3,3,0,7,1,1
9,2,11,U3,M,2,3,3,1,1,3,2,1
9,2,30,U3,M,0,2,0,4,3,0,7,0
9,2,36,U3,M,3,1,1,1,2,3,1,4
9,2,9,U4,M,0,0,5,0,2,1,3,5
9,2,20,U4,M,0,1,8,3,1,1,0,2
9,2,46,U4,M,0,1,0,0,2,1,4,8
9,3,14,D1,F,2,2,1,5,2,2,1,1
9,3,20,D1,F,3,1,2,3,2,2,2,1
9,3,33,D1,F,5,2,5,3,0,0,1,0
9,3,8,D2,F,2,1,3,0,0,5,4,0
9,3,32,D2,F,0,2,1,3,2,0,3,5
9,3,46,D2,F,3,4,0,3,0,1,1,2
9,3,4,D3,F,1,5,1,1,2,2,0,4
9,3,28,D3,F,3,1,3,1,0,2,1,2
9,3,47,D3,F,2,3,4,0,0,3,0,3
9,3,16,D4,F,5,3,1,1,1,1,4,0
9,3,30,D4,F,0,4,1,3,1,3,1,2
9,3,37,D4,F,0,4,5,1,1,2,1,2
9,3,5,U1,F,1,1,3,1,8,0,1,0
9,3,29,U1,F,2,1,1,2,2,4,2,2
9,3,39,U1,F,2,2,1,0,3,0,4,4
9,3,3,U2,F,4,3,3,1,0,4,1,0
9,3,31,U2,F,4,3,1,5,1,0,1,1
9,3,45,U2,F,2,1,5,4,1,3,0,0
9,3,12,U3,F,0,2,0,2,5,2,3,2
9,3,19,U3,F,4,1,3,1,3,1,3,0
9,3,34,U3,F,7,4,1,0,0,2,2,0
9,3,10,U4,F,4,7,3,0,1,0,0,0
9,3,26,U4,F,3,1,0,0,0,0,4,8
9,3,41,U4,F,1,0,3,3,4,2,0,3
9,3,2,D1,M,3,0,4,2,2,1,2,1
9,3,24,D1,M,6,3,1,1,0,1,0,3
9,3,42,D1,M,3,0,1,3,1,5,0,3
9,3,15,D2,M,0,1,3,4,1,4,0,3
9,3,22,D2,M,2,1,1,5,3,1,2,1
9,3,43,D2,M,0,1,6,4,2,0,2,1
9,3,6,D3,M,2,1,3,1,5,2,0,2
9,3,23,D3,M,0,3,6,0,0,1,2,3
9,3,44,D3,M,2,4,3,5,0,2,0,0
9,3,9,D4,M,0,1,2,2,0,1,9,0
9,3,17,D4,M,5,4,0,0,1,2,0,4
9,3,35,D4,M,3,1,3,0,5,4,0,0
9,3,13,U1,M,0,1,1,1,1,8,0,3
9,3,21,U1,M,0,3,2,3,2,3,2,1
9,3,38,U1,M,3,3,1,1,0,0,1,7
9,3,7,U2,M,0,1,3,0,4,3,5,0
9,3,25,U2,M,2,1,1,0,9,0,1,1
9,3,48,U2,M,2,2,0,1,0,2,3,6
9,3,11,U3,M,3,0,2,1,5,3,2,0
9,3,18,U3,M,0,3,1,3,1,2,3,3
9,3,40,U3,M,7,1,3,0,3,1,0,1
9,3,1,U4,M,0,1,7,2,3,1,2,0
9,3,27,U4,M,1,0,0,3,4,2,4,2
9,3,36,U4,M,0,0,3,2,4,7,0,0
9,4,10,D1,F,1,0,3,4,5,0,2,1
9,4,19,D1,F,2,0,2,2,0,5,4,1
9,4,37,D1,F,4,1,2,1,1,4,2,1
9,4,7,D2,F,0,1,3,0,7,1,1,2
9,4,22,D2,F,2,3,1,0,2,3,2,3
9,4,42,D2,F,2,0,0,3,2,3,3,3
9,4,15,D3,F,0,0,4,1,1,3,0,7
9,4,23,D3,F,2,7,0,0,1,2,1,3
9,4,34,D3,F,3,2,4,1,3,3,0,0
9,4,12,D4,F,1,1,4,0,0,1,3,5
9,4,30,D4,F,1,0,1,5,1,1,3,2
9,4,43,D4,F,2,1,1,2,1,0,2,7
9,4,5,U1,F,1,1,2,3,6,0,1,2
9,4,27,U1,F,1,0,0,2,0,3,0,10
9,4,45,U1,F,2,2,0,2,0,2,6,0
9,4,13,U2,F,4,6,1,2,2,0,0,1
9,4,25,U2,F,4,2,0,1,3,0,3,3
9,4,48,U2,F,2,1,4,1,0,7,1,0
9,4,6,U3,F,4,4,2,0,2,1,2,0
9,4,21,U3,F,0,1,1,6,1,5,1,1
9,4,40,U3,F,0,0,2,2,3,1,4,4
9,4,1,U4,F,0,1,4,7,3,1,0,0
9,4,17,U4,F,2,0,2,0,1,3,4,4
9,4,36,U4,F,0,0,2,3,3,4,4,0
9,4,2,D1,M,5,0,3,3,0,3,0,2
9,4,24,D1,M,0,0,0,6,4,2,2,2
9,4,38,D1,M,0,3,1,1,3,1,0,7
9,4,14,D2,M,0,8,1,2,0,0,2,3
9,4,18,D2,M,1,7,1,0,2,0,5,0
9,4,46,D2,M,1,2,0,2,1,2,7,1
9,4,9,D3,M,3,3,0,0,2,0,1,7
9,4,28,D3,M,4,0,1,6,0,1,2,1
9,4,44,D3,M,1,5,6,1,0,1,0,1
9,4,4,D4,M,5,5,2,1,2,1,0,0
9,4,32,D4,M,1,0,1,3,0,0,6,1
9,4,41,D4,M,1,3,4,3,2,0,3,0
9,4,8,U1,M,0,2,2,1,0,3,8,0
9,4,26,U1,M,1,3,2,0,2,2,2,3
9,4,39,U1,M,6,3,3,4,0,0,0,0
9,4,11,U2,M,2,1,0,1,1,2,7,1
9,4,29,U2,M,0,0,1,7,5,3,0,0
9,4,35,U2,M,1,10,1,2,0,0,1,0
9,4,16,U3,M,0,1,2,7,0,1,3,0
9,4,20,U3,M,0,0,1,11,0,4,0,0
9,4,33,U3,M,0,2,0,2,9,0,3,0
9,4,3,U4,M,3,0,2,2,0,0,2,5
9,4,31,U4,M,1,4,4,2,3,0,2,0
9,4,47,U4,M,0,4,1,5,2,4,0,0
10,1,15,D1,F,2,4,3,1,1,2,1,1
10,1,21,D1,F,6,0,1,3,2,1,1,1
10,1,45,D1,F,9,0,1,0,0,1,5,0
10,1,9,D2,F,1,0,2,1,0,1,8,3
10,1,22,D2,F,2,0,1,2,3,1,4,3
10,1,41,D2,F,0,4,1,2,1,0,1,7
10,1,14,D3,F,3,1,1,3,1,2,4,1
10,1,30,D3,F,0,1,3,5,0,1,3,3
10,1,34,D3,F,5,3,1,1,0,0,0,6
10,1,4,D4,F,2,0,0,2,3,1,1,7
10,1,27,D4,F,2,0,2,1,0,2,6,3
10,1,38,D4,F,0,1,0,3,0,4,5,2
10,1,13,U1,F,4,0,2,1,1,4,3,1
10,1,25,U1,F,1,0,2,1,3,0,5,4
10,1,43,U1,F,2,4,3,2,3,0,1,1
10,1,5,U2,F,2,0,0,2,4,1,3,4
10,1,32,U2,F,4,2,0,2,1,0,3,2
10,1,33,U2,F,0,0,5,0,7,0,3,0
10,1,1,U3,F,2,0,5,1,8,0,0,0
10,1,28,U3,F,6,1,3,1,1,2,1,0
10,1,47,U3,F,1,0,3,0,7,1,3,0
10,1,11,U4,F,1,5,2,3,0,2,2,1
10,1,29,U4,F,3,4,1,5,0,0,2,1
10,1,48,U4,F,5,1,7,1,1,0,0,1
10,1,6,D1,M,1,4,7,0,1,2,1,0
10,1,19,D1,M,2,0,2,0,0,2,8,2
10,1,46,D1,M,3,6,3,0,0,2,1,0
10,1,8,D2,M,2,1,4,0,1,0,3,5
10,1,17,D2,M,9,4,0,3,0,0,0,0
10,1,42,D2,M,1,3,0,0,3,4,0,5
10,1,10,D3,M,0,1,4,5,1,4,0,0
10,1,26,D3,M,0,2,0,0,0,2,6,6
10,1,35,D3,M,3,0,3,4,0,1,3,2
10,1,3,D4,M,2,1,0,3,2,1,4,3
10,1,23,D4,M,5,3,0,0,2,2,4,0
10,1,40,D4,M,1,5,1,0,0,3,2,4
10,1,16,U1,M,2,3,0,2,0,2,2,5
10,1,18,U1,M,2,0,3,0,3,7,0,1
10,1,44,U1,M,2,1,1,0,0,6,5,1
10,1,12,U2,M,0,6,2,2,1,1,1,2
10,1,24,U2,M,1,2,2,3,0,0,0,8
10,1,36,U2,M,6,0,3,1,1,2,2,1
10,1,2,U3,M,4,0,0,0,4,5,0,2
10,1,31,U3,M,0,0,2,3,4,7,0,0
10,1,39,U3,M,6,0,1,4,1,1,0,3
10,1,7,U4,M,4,0,2,3,0,3,0,2
10,1,20,U4,M,7,1,2,0,3,1,0,1
10,1,37,U4,M,0,2,3,1,6,1,1,2
10,2,11,D1,F,2,1,2,3,0,5,1,2
10,2,32,D1,F,0,2,2,0,4,3,3,1
10,2,45,D1,F,2,4,1,0,0,0,3,5
10,2,8,D2,F,6,3,6,0,0,0,0,1
10,2,19,D2,F,1,2,2,2,0,3,3,3
10,2,48,D2,F,0,0,2,6,2,0,2,2
10,2,1,D3,F,0,0,5,3,0,2,0,5
10,2,28,D3,F,2,0,3,3,4,0,3,1
10,2,47,D3,F,2,3,0,7,3,0,1,0
10,2,12,D4,F,4,1,1,0,0,7,2,1
10,2,24,D4,F,0,0,0,1,3,0,3,9
10,2,35,D4,F,5,1,4,0,2,1,3,0
10,2,2,U1,F,2,6,6,2,0,0,0,0
10,2,29,U1,F,2,2,0,1,0,0,5,6
10,2,44,U1,F,1,6,4,0,0,1,4,0
10,2,3,U2,F,2,0,4,3,2,3,2,0
10,2,27,U2,F,1,4,3,3,0,3,1,1
10,2,37,U2,F,0,2,0,3,4,1,2,4
10,2,5,U3,F,3,1,1,5,2,3,1,0
10,2,21,U3,F,5,2,0,1,1,6,0,1
10,2,39,U3,F,1,0,1,1,0,0,8,5
10,2,7,U4,F,0,1,4,6,1,3,0,1
10,2,25,U4,F,0,1,4,1,0,0,0,9
10,2,34,U4,F,0,1,0,0,5,0,4,6
10,2,10,D1,M,0,4,0,3,6,0,0,3
10,2,20,D1,M,1,5,0,0,2,4,1,2
10,2,42,D1,M,5,2,1,1,0,1,3,3
10,2,6,D2,M,1,6,1,1,2,2,0,2
10,2,30,D2,M,1,2,5,0,2,0,5,0
10,2,40,D2,M,0,0,1,3,3,0,8,1
10,2,4,D3,M,3,2,5,1,1,0,0,4
10,2,23,D3,M,0,2,2,2,6,3,0,1
10,2,41,D3,M,2,0,1,2,0,2,5,3
10,2,15,D4,M,0,1,1,1,0,4,0,8
10,2,17,D4,M,5,0,1,2,3,1,3,1
10,2,33,D4,M,1,3,2,7,1,1,0,0
10,2,16,U1,M,7,1,0,2,0,0,0,6
10,2,22,U1,M,0,0,5,1,2,3,4,1
10,2,43,U1,M,0,2,1,5,5,3,0,0
10,2,14,U2,M,0,4,3,2,3,0,1,3
10,2,26,U2,M,5,4,1,0,0,0,6,0
10,2,38,U2,M,3,2,2,3,2,0,0,3
10,2,9,U3,M,0,2,3,5,0,3,1,1
10,2,31,U3,M,11,1,4,0,0,0,0,0
10,2,36,U3,M,0,0,5,0,4,5,0,2
10,2,13,U4,M,3,2,3,2,6,0,0,0
10,2,18,U4,M,1,4,0,0,0,0,10,1
10,2,46,U4,M,1,0,5,1,1,0,2,6
10,3,16,D1,F,4,5,2,0,1,0,1,3
10,3,18,D1,F,4,2,2,1,0,1,2,4
10,3,37,D1,F,0,2,4,0,3,0,2,5
10,3,13,D2,F,2,0,1,2,3,3,0,5
10,3,17,D2,F,5,0,2,0,1,0,5,3
10,3,43,D2,F,3,4,0,3,0,3,1,0
10,3,6,D3,F,4,1,3,2,4,1,1,0
10,3,31,D3,F,1,1,3,4,0,5,1,0
10,3,34,D3,F,0,6,1,3,3,1,1,0
10,3,8,D4,F,3,0,1,0,4,1,4,3
10,3,27,D4,F,0,4,1,0,2,0,5,3
10,3,40,D4,F,1,1,3,1,0,2,6,2
10,3,12,U1,F,0,5,0,1,0,7,0,3
10,3,20,U1,F,6,1,0,2,3,2,1,1
10,3,39,U1,F,2,0,3,3,6,1,0,1
10,3,9,U2,F,2,5,3,1,0,0,2,3
10,3,22,U2,F,2,2,0,0,5,0,3,4
10,3,41,U2,F,2,0,2,6,2,0,2,2
10,3,15,U3,F,1,1,2,1,3,3,3,2
10,3,26,U3,F,4,3,0,1,1,0,1,3
10,3,47,U3,F,1,3,2,2,2,0,2,2
10,3,3,U4,F,1,0,7,1,4,0,2,0
10,3,28,U4,F,4,1,1,2,0,0,2,5
10,3,45,U4,F,0,0,3,6,6,0,0,0
10,3,2,D1,M,3,2,6,3,1,0,1,0
10,3,23,D1,M,2,0,0,0,2,0,7,5
10,3,48,D1,M,3,1,4,1,2,0,3,1
10,3,14,D2,M,0,0,3,1,7,2,3,0
10,3,21,D2,M,5,3,0,1,2,2,2,1
10,3,44,D2,M,8,3,2,1,0,0,0,1
10,3,1,D3,M,5,2,0,0,3,5,0,1
10,3,24,D3,M,2,2,0,8,0,0,1,3
10,3,38,D3,M,0,9,1,0,2,0,1,2
10,3,10,D4,M,0,0,7,2,0,2,1,3
10,3,29,D4,M,4,5,0,1,0,0,1,4
10,3,33,D4,M,4,1,3,3,1,2,1,0
10,3,5,U1,M,1,2,0,0,4,3,0,6
10,3,19,U1,M,3,2,0,0,2,3,2,4
10,3,46,U1,M,1,1,6,2,0,0,2,4
10,3,11,U2,M,3,3,4,5,0,0,0,1
10,3,32,U2,M,0,5,1,6,2,1,1,0
10,3,35,U2,M,3,2,1,4,4,0,1,1
10,3,7,U3,M,3,1,0,0,3,3,0,5
10,3,30,U3,M,0,0,0,0,0,1,8,7
10,3,36,U3,M,3,7,2,0,1,0,1,2
10,3,4,U4,M,1,3,0,1,3,1,4,2
10,3,25,U4,M,0,0,0,1,3,0,0,12
10,3,42,U4,M,6,5,0,0,0,1,4,0
10,4,10,D1,F,0,5,3,2,2,0,3,0
10,4,20,D1,F,0,0,6,3,2,2,1,1
10,4,38,D1,F,2,1,4,0,4,1,1,2
10,4,13,D2,F,4,1,1,1,1,5,2,0
10,4,27,D2,F,1,2,0,3,0,6,0,2
10,4,42,D2,F,2,1,0,0,0,4,2,5
10,4,12,D3,F,0,5,3,2,1,2,0,3
10,4,32,D3,F,3,7,3,1,1,0,0,0
10,4,37,D3,F,0,0,6,1,4,4,0,0
10,4,4,D4,F,0,0,1,2,7,0,4,0
10,4,31,D4,F,3,1,1,1,1,2,2,3
10,4,48,D4,F,3,2,4,2,3,0,0,1
10,4,16,U1,F,3,3,3,0,0,3,1,3
10,4,28,U1,F,5,0,2,3,2,2,0,1
10,4,35,U1,F,0,6,9,0,0,0,1,0
10,4,1,U2,F,7,0,3,0,2,1,0,3
10,4,23,U2,F,7,3,1,0,0,0,3,2
10,4,46,U2,F,1,3,3,2,5,0,1,1
10,4,7,U3,F,0,1,2,0,3,4,2,3
10,4,18,U3,F,3,0,0,2,0,6,0,3
10,4,45,U3,F,1,4,2,2,3,1,2,0
10,4,6,U4,F,0,5,1,3,5,0,1,1
10,4,26,U4,F,5,0,0,0,1,3,4,3
10,4,44,U4,F,4,0,0,3,3,1,3,2
10,4,9,D1,M,2,6,3,1,0,0,2,1
10,4,19,D1,M,0,0,5,6,0,4,1,0
10,4,43,D1,M,8,4,1,0,1,2,0,0
10,4,8,D2,M,0,0,8,7,0,0,1,0
10,4,29,D2,M,1,2,7,1,2,0,1,2
10,4,33,D2,M,1,1,4,2,5,1,0,2
10,4,5,D3,M,3,1,4,0,3,2,0,3
10,4,25,D3,M,4,7,0,1,0,1,0,2
10,4,36,D3,M,0,0,1,1,1,8,3,2
10,4,2,D4,M,5,0,3,3,2,2,1,0
10,4,17,D4,M,3,0,6,0,1,5,0,1
10,4,34,D4,M,4,2,1,0,2,6,0,0
10,4,11,U1,M,1,3,4,3,2,0,2,1
10,4,30,U1,M,1,0,3,2,0,1,7,2
10,4,39,U1,M,0,3,1,1,0,5,0,6
10,4,15,U2,M,2,7,1,3,3,0,0,0
10,4,21,U2,M,1,1,3,2,3,3,2,1
10,4,40,U2,M,0,2,4,0,3,5,2,0
10,4,14,U3,M,0,9,0,1,2,0,1,2
10,4,24,U3,M,8,4,0,0,4,0,0,0
10,4,41,U3,M,1,1,0,1,0,2,8,2
10,4,3,U4,M,1,0,3,1,1,1,0,8
10,4,22,U4,M,2,3,3,0,1,3,4,0
10,4,47,U4,M,2,4,0,1,0,1,2,6
10,5,6,C1,F,6,0,3,1,0,3,0,2
10,5,12,C1,F,3,1,3,1,0,4,3,1
10,5,17,C1,F,1,3,4,0,2,0,1,2
10,5,1,C2,F,1,0,1,2,5,2,0,5
10,5,16,C2,F,5,1,1,0,1,4,4,0
10,5,20,C2,F,0,0,1,3,4,4,0,3
10,5,3,C3,F,0,0,1,1,4,6,1,2
10,5,9,C3,F,1,2,4,1,1,3,2,1
10,5,18,C3,F,4,0,2,3,2,3,0,2
10,5,2,C4,F,2,0,0,5,5,0,3,1
10,5,10,C4,F,3,0,3,2,1,3,0,4
10,5,22,C4,F,1,0,2,2,2,0,5,4
10,5,8,C1,M,3,1,0,1,3,0,5,0
10,5,15,C1,M,1,0,4,0,0,0,7,2
10,5,23,C1,M,3,0,1,3,1,0,5,2
10,5,4,C2,M,0,0,2,1,1,7,2,3
10,5,11,C2,M,3,1,6,0,0,1,0,5
10,5,21,C2,M,1,0,3,0,4,2,5,0
10,5,5,C3,M,6,0,0,1,1,0,7,1
10,5,13,C3,M,2,2,1,2,2,5,1,1
10,5,24,C3,M,0,1,0,6,0,0,1,8
10,5,7,C4,M,0,0,3,5,0,5,0,0
10,5,14,C4,M,0,4,8,1,0,3,0,0
10,5,19,C4,M,4,2,1,0,0,0,4,4
10,6,5,C1,F,0,2,3,4,0,4,0,2
10,6,9,C1,F,2,2,5,3,0,1,0,3
10,6,21,C1,F,1,0,0,0,3,0,1,11
10,6,2,C2,F,0,4,5,4,0,3,0,0
10,6,15,C2,F,3,3,0,2,2,1,2,3
10,6,20,C2,F,1,1,0,4,1,1,3,4
10,6,7,C3,F,0,1,1,1,2,3,3,5
10,6,12,C3,F,3,1,1,0,4,4,3,0
10,6,22,C3,F,3,2,2,3,3,1,1,0
10,6,8,C4,F,1,1,4,3,1,3,1,2
10,6,11,C4,F,2,0,1,3,3,2,0,5
10,6,24,C4,F,1,0,4,0,6,1,1,3
10,6,3,C1,M,0,0,7,1,3,3,1,0
10,6,13,C1,M,6,7,1,0,1,0,0,1
10,6,19,C1,M,2,2,0,2,2,2,1,4
10,6,4,C2,M,0,1,0,2,1,9,0,2
10,6,14,C2,M,4,1,2,0,7,0,0,2
10,6,17,C2,M,5,0,0,1,0,0,6,4
10,6,1,C3,M,1,0,1,6,4,1,2,0
10,6,10,C3,M,0,2,8,0,2,0,2,1
10,6,23,C3,M,2,1,2,2,1,1,3,3
10,6,6,C4,M,6,0,5,1,0,4,0,0
10,6,16,C4,M,5,3,0,4,0,1,3,0
10,6,18,C4,M,0,0,0,4,5,2,1,4
11,1,12,D1,F,2,4,1,1,0,0,6,2
11,1,29,D1,F,2,2,2,3,0,1,3,2
11,1,40,D1,F,2,0,1,1,2,1,2,7
11,1,11,D2,F,1,3,3,0,2,4,2,1
11,1,24,D2,F,1,0,0,3,2,5,1,3
11,1,36,D2,F,3,4,0,1,2,2,3,1
11,1,9,D3,F,4,0,3,3,3,3,0,0
11,1,31,D3,F,3,3,1,4,1,2,2,0
11,1,46,D3,F,3,1,5,3,1,2,0,1
11,1,6,D4,F,2,0,2,2,2,1,1,6
11,1,22,D4,F,3,3,0,1,1,0,8,0
11,1,44,D4,F,3,3,2,2,2,2,1,1
11,1,13,U1,F,2,2,1,3,3,2,2,1
11,1,27,U1,F,1,1,1,0,7,0,1,5
11,1,41,U1,F,4,1,2,3,5,1,0,0
11,1,5,U2,F,1,0,5,4,3,1,1,0
11,1,18,U2,F,5,0,2,2,5,0,1,1
11,1,39,U2,F,0,3,0,2,3,0,1,6
11,1,16,U3,F,6,5,0,1,2,1,0,1
11,1,32,U3,F,4,1,2,1,2,0,4,1
11,1,35,U3,F,0,3,1,2,4,1,3,2
11,1,1,U4,F,3,4,0,3,4,0,0,2
11,1,30,U4,F,4,3,2,2,2,0,1,2
11,1,38,U4,F,1,1,2,6,1,3,1,1
11,1,14,D1,M,1,0,1,6,3,2,1,0
11,1,20,D1,M,3,2,8,2,0,1,0,0
11,1,47,D1,M,1,3,1,0,5,1,3,0
11,1,3,D2,M,1,3,2,1,6,2,0,0
11,1,25,D2,M,3,0,1,0,2,0,2,6
11,1,48,D2,M,2,0,1,4,4,2,1,1
11,1,4,D3,M,2,0,1,5,4,2,0,0
11,1,19,D3,M,2,1,3,0,1,2,3,2
11,1,43,D3,M,0,4,2,3,0,1,2,3
11,1,7,D4,M,6,0,4,0,1,0,4,0
11,1,21,D4,M,4,1,4,1,2,2,1,1
11,1,37,D4,M,1,3,2,3,1,2,2,0
11,1,10,U1,M,1,4,3,0,2,0,5,0
11,1,26,U1,M,6,4,0,0,0,1,0,1
11,1,34,U1,M,0,2,1,1,1,0,2,7
11,1,8,U2,M,4,0,3,1,1,2,0,4
11,1,17,U2,M,3,0,2,4,0,0,1,6
11,1,33,U2,M,1,2,3,4,2,1,1,2
11,1,15,U3,M,2,4,0,3,2,1,2,1
11,1,23,U3,M,2,2,0,0,2,1,5,3
11,1,45,U3,M,5,1,1,1,2,0,5,1
11,1,2,U4,M,1,1,5,2,0,2,2,1
11,1,28,U4,M,0,0,5,1,0,2,3,2
11,1,42,U4,M,1,2,2,2,2,4,1,2
11,2,1,D1,F,6,2,5,2,0,0,1,0
11,2,24,D1,F,1,2,6,3,1,1,1,1
11,2,41,D1,F,2,6,0,1,4,2,0,0
11,2,11,D2,F,0,1,4,4,0,1,5,1
11,2,30,D2,F,3,1,1,4,1,1,4,1
11,2,47,D2,F,1,3,1,1,3,4,1,2
11,2,13,D3,F,1,3,0,4,2,3,0,2
11,2,25,D3,F,0,2,3,1,0,3,7,0
11,2,33,D3,F,1,2,0,1,4,1,1,6
11,2,9,D4,F,5,4,1,3,1,0,2,0
11,2,20,D4,F,2,3,0,3,2,1,1,4
11,2,46,D4,F,0,5,2,3,2,2,0,2
11,2,6,U1,F,2,1,1,1,1,2,3,5
11,2,18,U1,F,1,2,2,2,1,2,0,6
11,2,39,U1,F,3,2,1,2,5,2,0,1
11,2,4,U2,F,0,5,0,1,4,1,5,0
11,2,29,U2,F,2,2,6,0,6,0,0,0
11,2,48,U2,F,0,3,0,5,2,1,5,0
11,2,5,U3,F,0,0,0,4,5,1,1,5
11,2,28,U3,F,3,2,2,4,2,1,0,2
11,2,43,U3,F,0,8,4,1,0,0,2,0
11,2,10,U4,F,3,1,2,3,3,1,2,1
11,2,17,U4,F,4,0,0,2,1,3,3,3
11,2,45,U4,F,1,1,5,1,1,1,1,5
11,2,3,D1,M,0,0,3,2,1,4,3,2
11,2,32,D1,M,1,2,3,3,2,1,1,2
11,2,44,D1,M,3,0,1,2,0,0,2,8
11,2,15,D2,M,6,1,1,2,0,0,1,3
11,2,27,D2,M,6,2,0,2,0,0,2,2
11,2,34,D2,M,5,2,2,0,1,2,2,1
11,2,7,D3,M,6,3,0,1,1,1,1,3
11,2,19,D3,M,0,4,0,1,2,4,0,4
11,2,42,D3,M,1,0,0,5,2,3,2,0
11,2,2,D4,M,1,2,3,1,1,1,6,0
11,2,31,D4,M,1,1,1,0,2,1,2,5
11,2,37,D4,M,0,1,3,0,2,2,2,3
11,2,16,U1,M,0,2,1,4,2,5,2,0
11,2,23,U1,M,2,0,6,0,1,1,3,2
11,2,38,U1,M,2,1,1,2,3,1,1,3
11,2,12,U2,M,3,5,1,4,3,0,0,0
11,2,22,U2,M,0,1,1,0,1,2,10,0
11,2,35,U2,M,6,5,1,1,1,1,0,1
11,2,14,U3,M,5,1,2,0,0,3,0,4
11,2,21,U3,M,0,0,4,7,0,3,0,0
11,2,36,U3,M,0,2,1,1,1,1,5,4
11,2,8,U4,M,6,1,2,0,1,0,5,0
11,2,26,U4,M,2,0,2,0,0,1,4,7
11,2,40,U4,M,0,2,1,3,2,0,6,0
11,3,4,D1,F,2,0,5,5,1,0,0,3
11,3,17,D1,F,1,7,0,1,1,4,0,2
11,3,36,D1,F,2,4,1,2,1,5,0,1
11,3,12,D2,F,2,1,4,2,2,3,1,1
11,3,28,D2,F,4,0,0,1,4,2,0,4
11,3,46,D2,F,1,2,1,5,4,1,0,2
11,3,15,D3,F,3,1,0,4,1,3,2,2
11,3,24,D3,F,1,6,0,1,1,0,3,4
11,3,39,D3,F,1,2,3,1,3,0,2,4
11,3,5,D4,F,3,1,6,0,1,2,0,1
11,3,19,D4,F,5,2,0,1,3,1,1,3
11,3,33,D4,F,0,2,1,4,5,3,1,0
11,3,10,U1,F,1,0,2,4,1,3,0,2
11,3,18,U1,F,2,2,1,1,3,2,3,1
11,3,38,U1,F,1,0,2,2,2,1,5,3
11,3,8,U2,F,0,0,7,4,2,1,1,1
11,3,31,U2,F,4,1,3,0,3,0,4,1
11,3,48,U2,F,2,3,1,1,2,2,3,2
11,3,6,U3,F,1,3,1,4,0,2,0,3
11,3,26,U3,F,3,2,2,0,1,3,5,0
11,3,40,U3,F,1,0,3,3,2,2,3,2
11,3,13,U4,F,1,1,1,1,8,3,0,1
11,3,30,U4,F,1,3,4,2,3,1,0,2
11,3,44,U4,F,1,0,4,1,1,1,3,4
11,3,16,D1,M,0,1,0,0,1,3,4,4
11,3,32,D1,M,3,0,4,1,4,0,1,0
11,3,47,D1,M,0,2,3,1,3,1,4,2
11,3,7,D2,M,4,2,1,4,0,2,1,1
11,3,25,D2,M,3,4,0,2,0,2,2,1
11,3,43,D2,M,2,3,4,0,4,0,3,0
11,3,1,D3,M,4,0,3,2,2,1,1,3
11,3,29,D3,M,3,1,1,0,2,1,5,2
11,3,42,D3,M,4,3,1,2,3,0,3,0
11,3,3,D4,M,3,3,1,0,1,3,4,0
11,3,23,D4,M,2,2,7,3,0,1,0,0
11,3,35,D4,M,5,3,0,3,2,1,0,2
11,3,14,U1,M,0,3,3,1,1,3,2,1
11,3,27,U1,M,4,2,3,1,0,1,2,2
11,3,37,U1,M,0,1,1,1,0,2,1,1
11,3,9,U2,M,6,5,2,1,0,1,1,0
11,3,21,U2,M,1,6,0,2,0,0,7,0
11,3,45,U2,M,3,6,2,0,3,1,0,1
11,3,11,U3,M,1,2,3,2,2,3,0,3
11,3,22,U3,M,0,2,0,3,3,3,2,1
11,3,34,U3,M,4,1,3,0,3,0,3,0
11,3,2,U4,M,0,2,3,2,2,2,4,0
11,3,20,U4,M,2,1,3,4,0,1,2,0
11,3,41,U4,M,0,1,3,1,2,3,6,0
11,4,2,D1,F,4,1,0,1,4,0,4,0
11,4,20,D1,F,0,1,2,2,3,3,4,1
11,4,37,D1,F,1,2,3,1,0,0,5,3
11,4,12,D2,F,1,3,4,2,0,2,0,4
11,4,32,D2,F,2,0,0,1,1,4,1,5
11,4,43,D2,F,5,3,2,1,2,0,2,1
11,4,10,D3,F,3,4,0,2,0,0,4,3
11,4,27,D3,F,0,3,0,0,0,3,5,5
11,4,41,D3,F,3,3,1,1,4,2,0,2
11,4,9,D4,F,4,0,1,3,3,1,3,1
11,4,22,D4,F,2,1,2,0,4,1,4,1
11,4,34,D4,F,1,0,4,0,1,2,3,5
11,4,16,U1,F,2,3,1,1,0,4,2,3
11,4,23,U1,F,1,0,4,0,1,6,2,2
11,4,44,U1,F,4,2,1,0,0,0,2,7
11,4,14,U2,F,1,0,0,2,2,7,1,2
11,4,28,U2,F,0,3,5,2,0,0,0,6
11,4,36,U2,F,4,1,0,2,4,0,2,0
11,4,8,U3,F,2,0,0,0,5,2,4,2
11,4,25,U3,F,0,2,6,3,1,0,1,2
11,4,47,U3,F,5,8,0,2,0,1,0,0
11,4,4,U4,F,0,0,1,3,3,1,4,4
11,4,30,U4,F,4,5,2,0,4,0,0,1
11,4,40,U4,F,4,0,4,3,3,0,2,0
11,4,5,D1,M,4,2,2,0,1,1,4,1
11,4,24,D1,M,2,3,2,0,1,2,2,4
11,4,39,D1,M,0,1,3,2,3,0,2,3
11,4,7,D2,M,1,4,1,2,0,4,2,2
11,4,26,D2,M,2,0,2,5,1,0,2,2
11,4,45,D2,M,3,2,4,0,2,3,1,1
11,4,6,D3,M,2,2,2,1,4,2,0,3
11,4,29,D3,M,0,2,3,2,1,1,2,5
11,4,42,D3,M,2,1,3,1,1,2,1,5
11,4,15,D4,M,5,2,2,3,3,0,1,0
11,4,21,D4,M,3,3,2,3,1,0,1,2
11,4,46,D4,M,0,3,4,0,1,0,1,5
11,4,3,U1,M,0,2,3,0,1,0,7,3
11,4,17,U1,M,2,1,0,0,0,5,2,5
11,4,33,U1,M,1,0,6,4,2,0,3,0
11,4,11,U2,M,1,5,2,3,0,2,3,0
11,4,18,U2,M,1,0,0,0,1,7,7,0
11,4,35,U2,M,2,2,1,0,2,1,3,5
11,4,13,U3,M,4,3,2,0,5,0,1,0
11,4,31,U3,M,2,0,3,1,5,3,1,0
11,4,48,U3,M,3,1,0,3,5,0,4,0
11,4,1,U4,M,1,1,3,1,2,7,0,1
11,4,19,U4,M,1,1,4,0,6,1,3,0
11,4,38,U4,M,0,3,0,1,4,1,0,6